gene_id,mod_num,mod_color
ENSG00000002549,2,blue
ENSG00000002586,8,pink
ENSG00000002919,2,blue
ENSG00000003402,2,blue
ENSG00000005020,3,brown
ENSG00000005448,2,blue
ENSG00000005893,2,blue
ENSG00000006327,2,blue
ENSG00000006432,3,brown
ENSG00000006652,3,brown
ENSG00000007264,8,pink
ENSG00000007402,8,pink
ENSG00000007923,3,brown
ENSG00000007944,2,blue
ENSG00000008083,2,blue
ENSG00000008086,2,blue
ENSG00000008294,2,blue
ENSG00000008300,3,brown
ENSG00000008394,3,brown
ENSG00000008517,3,brown
ENSG00000010278,2,blue
ENSG00000010404,2,blue
ENSG00000011198,2,blue
ENSG00000011485,3,brown
ENSG00000011523,7,black
ENSG00000011600,2,blue
ENSG00000012048,3,brown
ENSG00000012232,2,blue
ENSG00000012779,2,blue
ENSG00000013725,3,brown
ENSG00000014257,2,blue
ENSG00000015475,2,blue
ENSG00000018280,2,blue
ENSG00000019991,3,brown
ENSG00000020256,3,brown
ENSG00000021300,7,black
ENSG00000021355,2,blue
ENSG00000021574,3,brown
ENSG00000022277,2,blue
ENSG00000022567,2,blue
ENSG00000023287,3,brown
ENSG00000023839,2,blue
ENSG00000024048,2,blue
ENSG00000025039,2,blue
ENSG00000026025,2,blue
ENSG00000026652,8,pink
ENSG00000026751,8,pink
ENSG00000026950,3,brown
ENSG00000027075,3,brown
ENSG00000027697,3,brown
ENSG00000032219,3,brown
ENSG00000033327,2,blue
ENSG00000034053,3,brown
ENSG00000035664,2,blue
ENSG00000038219,2,blue
ENSG00000038427,2,blue
ENSG00000039319,3,brown
ENSG00000042832,2,blue
ENSG00000047230,2,blue
ENSG00000047634,7,black
ENSG00000048028,8,pink
ENSG00000048392,3,brown
ENSG00000049249,2,blue
ENSG00000049769,7,black
ENSG00000050030,7,black
ENSG00000051596,7,black
ENSG00000051620,2,blue
ENSG00000052126,8,pink
ENSG00000054148,8,pink
ENSG00000054392,3,brown
ENSG00000056558,3,brown
ENSG00000057657,2,blue
ENSG00000057704,2,blue
ENSG00000058056,2,blue
ENSG00000058091,2,blue
ENSG00000058799,2,blue
ENSG00000059377,2,blue
ENSG00000059573,3,brown
ENSG00000059588,2,blue
ENSG00000059728,2,blue
ENSG00000059804,2,blue
ENSG00000060140,8,pink
ENSG00000060982,3,brown
ENSG00000062282,2,blue
ENSG00000062716,2,blue
ENSG00000063587,3,brown
ENSG00000064225,2,blue
ENSG00000064763,2,blue
ENSG00000064886,2,blue
ENSG00000065057,2,blue
ENSG00000065243,3,brown
ENSG00000065357,7,black
ENSG00000065559,2,blue
ENSG00000065615,3,brown
ENSG00000065675,3,brown
ENSG00000065882,2,blue
ENSG00000066027,3,brown
ENSG00000066084,2,blue
ENSG00000067057,3,brown
ENSG00000067113,7,black
ENSG00000067141,3,brown
ENSG00000067208,2,blue
ENSG00000067560,2,blue
ENSG00000067840,8,pink
ENSG00000067992,2,blue
ENSG00000068028,8,pink
ENSG00000068383,2,blue
ENSG00000068654,3,brown
ENSG00000069020,7,black
ENSG00000069702,8,pink
ENSG00000069943,2,blue
ENSG00000069974,2,blue
ENSG00000070018,7,black
ENSG00000070190,3,brown
ENSG00000070718,7,black
ENSG00000070731,2,blue
ENSG00000070882,2,blue
ENSG00000071054,2,blue
ENSG00000071189,3,brown
ENSG00000071205,8,pink
ENSG00000071575,7,black
ENSG00000071967,2,blue
ENSG00000072401,3,brown
ENSG00000072506,2,blue
ENSG00000072858,3,brown
ENSG00000072952,2,blue
ENSG00000073331,2,blue
ENSG00000073350,8,pink
ENSG00000073464,2,blue
ENSG00000073605,3,brown
ENSG00000073756,2,blue
ENSG00000073849,3,brown
ENSG00000073861,8,pink
ENSG00000073910,2,blue
ENSG00000073921,2,blue
ENSG00000074966,7,black
ENSG00000075223,3,brown
ENSG00000075234,8,pink
ENSG00000075340,3,brown
ENSG00000075420,2,blue
ENSG00000075651,2,blue
ENSG00000075884,3,brown
ENSG00000076003,2,blue
ENSG00000076248,2,blue
ENSG00000076382,3,brown
ENSG00000076513,2,blue
ENSG00000076662,2,blue
ENSG00000076685,2,blue
ENSG00000077157,2,blue
ENSG00000077420,2,blue
ENSG00000077984,8,pink
ENSG00000078246,3,brown
ENSG00000078269,7,black
ENSG00000078618,2,blue
ENSG00000079257,3,brown
ENSG00000079277,2,blue
ENSG00000079950,3,brown
ENSG00000080493,8,pink
ENSG00000080561,7,black
ENSG00000080854,7,black
ENSG00000080947,3,brown
ENSG00000081026,7,black
ENSG00000081059,7,black
ENSG00000081177,3,brown
ENSG00000081320,3,brown
ENSG00000081913,2,blue
ENSG00000082074,3,brown
ENSG00000082458,8,pink
ENSG00000082996,3,brown
ENSG00000083223,2,blue
ENSG00000083845,2,blue
ENSG00000084070,2,blue
ENSG00000084072,2,blue
ENSG00000084110,2,blue
ENSG00000084234,2,blue
ENSG00000084444,3,brown
ENSG00000084676,2,blue
ENSG00000085063,2,blue
ENSG00000085117,2,blue
ENSG00000085465,7,black
ENSG00000085563,8,pink
ENSG00000085662,2,blue
ENSG00000086288,2,blue
ENSG00000086300,3,brown
ENSG00000086730,2,blue
ENSG00000086848,2,blue
ENSG00000087074,2,blue
ENSG00000087157,2,blue
ENSG00000087253,2,blue
ENSG00000087589,2,blue
ENSG00000088179,8,pink
ENSG00000088387,7,black
ENSG00000088543,2,blue
ENSG00000088808,3,brown
ENSG00000088833,2,blue
ENSG00000089012,7,black
ENSG00000089091,3,brown
ENSG00000089775,7,black
ENSG00000089902,2,blue
ENSG00000090097,3,brown
ENSG00000090376,2,blue
ENSG00000090447,7,black
ENSG00000091039,3,brown
ENSG00000091106,2,blue
ENSG00000091317,3,brown
ENSG00000091409,7,black
ENSG00000092010,2,blue
ENSG00000092036,2,blue
ENSG00000092200,2,blue
ENSG00000092531,2,blue
ENSG00000092758,2,blue
ENSG00000092820,3,brown
ENSG00000093134,2,blue
ENSG00000094916,7,black
ENSG00000096063,2,blue
ENSG00000097033,3,brown
ENSG00000097096,7,black
ENSG00000099139,7,black
ENSG00000099204,7,black
ENSG00000099385,2,blue
ENSG00000099985,2,blue
ENSG00000100027,8,pink
ENSG00000100030,2,blue
ENSG00000100034,2,blue
ENSG00000100055,2,blue
ENSG00000100100,7,black
ENSG00000100124,3,brown
ENSG00000100242,3,brown
ENSG00000100266,2,blue
ENSG00000100271,2,blue
ENSG00000100342,2,blue
ENSG00000100346,7,black
ENSG00000100351,3,brown
ENSG00000100365,2,blue
ENSG00000100368,2,blue
ENSG00000100427,8,pink
ENSG00000100450,8,pink
ENSG00000100453,8,pink
ENSG00000100461,2,blue
ENSG00000100462,2,blue
ENSG00000100483,3,brown
ENSG00000100485,3,brown
ENSG00000100504,2,blue
ENSG00000100505,2,blue
ENSG00000100612,2,blue
ENSG00000100644,2,blue
ENSG00000100731,2,blue
ENSG00000100784,2,blue
ENSG00000100814,2,blue
ENSG00000100906,2,blue
ENSG00000100911,2,blue
ENSG00000101082,3,brown
ENSG00000101150,2,blue
ENSG00000101160,2,blue
ENSG00000101265,2,blue
ENSG00000101290,2,blue
ENSG00000101298,7,black
ENSG00000101336,2,blue
ENSG00000101384,2,blue
ENSG00000101445,3,brown
ENSG00000101457,2,blue
ENSG00000101596,3,brown
ENSG00000101842,7,black
ENSG00000101916,2,blue
ENSG00000101972,3,brown
ENSG00000102007,2,blue
ENSG00000102010,2,blue
ENSG00000102053,7,black
ENSG00000102218,3,brown
ENSG00000102245,7,black
ENSG00000102393,2,blue
ENSG00000102445,2,blue
ENSG00000102554,2,blue
ENSG00000102580,2,blue
ENSG00000102796,2,blue
ENSG00000102882,2,blue
ENSG00000102908,2,blue
ENSG00000102921,2,blue
ENSG00000103064,7,black
ENSG00000103194,2,blue
ENSG00000103196,2,blue
ENSG00000103253,2,blue
ENSG00000103313,2,blue
ENSG00000103351,7,black
ENSG00000103381,2,blue
ENSG00000103472,2,blue
ENSG00000103522,3,brown
ENSG00000103569,2,blue
ENSG00000103994,2,blue
ENSG00000104043,3,brown
ENSG00000104093,2,blue
ENSG00000104154,2,blue
ENSG00000104324,2,blue
ENSG00000104343,3,brown
ENSG00000104450,3,brown
ENSG00000104490,8,pink
ENSG00000104549,2,blue
ENSG00000104635,3,brown
ENSG00000104689,7,black
ENSG00000104763,2,blue
ENSG00000104783,3,brown
ENSG00000104870,2,blue
ENSG00000104889,2,blue
ENSG00000104964,3,brown
ENSG00000104980,3,brown
ENSG00000105011,2,blue
ENSG00000105327,2,blue
ENSG00000105352,2,blue
ENSG00000105355,2,blue
ENSG00000105374,8,pink
ENSG00000105483,2,blue
ENSG00000105486,7,black
ENSG00000105699,7,black
ENSG00000105717,3,brown
ENSG00000105835,3,brown
ENSG00000105948,2,blue
ENSG00000106133,3,brown
ENSG00000106351,3,brown
ENSG00000106477,2,blue
ENSG00000106526,3,brown
ENSG00000106546,3,brown
ENSG00000106608,3,brown
ENSG00000106714,2,blue
ENSG00000106780,2,blue
ENSG00000106799,3,brown
ENSG00000107317,8,pink
ENSG00000107341,2,blue
ENSG00000107611,7,black
ENSG00000108061,3,brown
ENSG00000108179,2,blue
ENSG00000108187,2,blue
ENSG00000108244,2,blue
ENSG00000108370,8,pink
ENSG00000108424,2,blue
ENSG00000108468,2,blue
ENSG00000108515,3,brown
ENSG00000108582,2,blue
ENSG00000108784,3,brown
ENSG00000108946,2,blue
ENSG00000108984,2,blue
ENSG00000109063,7,black
ENSG00000109103,2,blue
ENSG00000109270,3,brown
ENSG00000109452,7,black
ENSG00000109458,2,blue
ENSG00000109466,2,blue
ENSG00000109743,2,blue
ENSG00000109756,2,blue
ENSG00000109762,2,blue
ENSG00000109790,3,brown
ENSG00000109944,2,blue
ENSG00000109956,8,pink
ENSG00000110063,3,brown
ENSG00000110077,3,brown
ENSG00000110079,3,brown
ENSG00000110080,2,blue
ENSG00000110108,3,brown
ENSG00000110203,2,blue
ENSG00000110315,3,brown
ENSG00000110422,3,brown
ENSG00000110446,2,blue
ENSG00000110448,3,brown
ENSG00000110651,3,brown
ENSG00000110660,2,blue
ENSG00000110713,2,blue
ENSG00000110723,7,black
ENSG00000110880,2,blue
ENSG00000110921,3,brown
ENSG00000110931,2,blue
ENSG00000110944,7,black
ENSG00000111052,3,brown
ENSG00000111058,2,blue
ENSG00000111144,2,blue
ENSG00000111229,3,brown
ENSG00000111261,2,blue
ENSG00000111266,7,black
ENSG00000111275,2,blue
ENSG00000111348,2,blue
ENSG00000111490,2,blue
ENSG00000111647,3,brown
ENSG00000111716,7,black
ENSG00000111729,3,brown
ENSG00000111752,3,brown
ENSG00000111801,3,brown
ENSG00000111802,2,blue
ENSG00000111817,3,brown
ENSG00000111837,2,blue
ENSG00000111859,2,blue
ENSG00000111863,7,black
ENSG00000111879,7,black
ENSG00000111897,3,brown
ENSG00000111913,2,blue
ENSG00000112053,2,blue
ENSG00000112062,2,blue
ENSG00000112096,2,blue
ENSG00000112118,3,brown
ENSG00000112195,2,blue
ENSG00000112242,2,blue
ENSG00000112299,2,blue
ENSG00000112303,2,blue
ENSG00000112394,7,black
ENSG00000112531,3,brown
ENSG00000112651,2,blue
ENSG00000112667,2,blue
ENSG00000112782,2,blue
ENSG00000112796,8,pink
ENSG00000113068,2,blue
ENSG00000113088,8,pink
ENSG00000113269,2,blue
ENSG00000113303,2,blue
ENSG00000113319,7,black
ENSG00000113368,2,blue
ENSG00000113522,2,blue
ENSG00000113532,3,brown
ENSG00000113719,2,blue
ENSG00000113721,8,pink
ENSG00000113734,2,blue
ENSG00000113742,2,blue
ENSG00000113916,2,blue
ENSG00000114268,2,blue
ENSG00000114316,2,blue
ENSG00000114331,3,brown
ENSG00000114450,3,brown
ENSG00000114473,2,blue
ENSG00000114480,3,brown
ENSG00000114544,3,brown
ENSG00000114573,2,blue
ENSG00000114656,2,blue
ENSG00000114739,7,black
ENSG00000114770,2,blue
ENSG00000114812,7,black
ENSG00000114853,2,blue
ENSG00000115085,3,brown
ENSG00000115129,2,blue
ENSG00000115170,3,brown
ENSG00000115271,3,brown
ENSG00000115306,7,black
ENSG00000115339,3,brown
ENSG00000115415,2,blue
ENSG00000115423,7,black
ENSG00000115523,8,pink
ENSG00000115525,3,brown
ENSG00000115590,2,blue
ENSG00000115594,2,blue
ENSG00000115604,2,blue
ENSG00000115607,2,blue
ENSG00000115687,7,black
ENSG00000115738,8,pink
ENSG00000115828,2,blue
ENSG00000115896,7,black
ENSG00000116128,7,black
ENSG00000116133,3,brown
ENSG00000116266,3,brown
ENSG00000116455,3,brown
ENSG00000116663,2,blue
ENSG00000116667,8,pink
ENSG00000116701,2,blue
ENSG00000116729,2,blue
ENSG00000116741,2,blue
ENSG00000116771,7,black
ENSG00000116793,2,blue
ENSG00000116824,2,blue
ENSG00000116983,7,black
ENSG00000116991,2,blue
ENSG00000117000,3,brown
ENSG00000117090,2,blue
ENSG00000117115,2,blue
ENSG00000117151,3,brown
ENSG00000117228,2,blue
ENSG00000117281,8,pink
ENSG00000117335,3,brown
ENSG00000117410,2,blue
ENSG00000117461,8,pink
ENSG00000117560,8,pink
ENSG00000117602,7,black
ENSG00000117616,3,brown
ENSG00000117643,7,black
ENSG00000117691,2,blue
ENSG00000118058,3,brown
ENSG00000118217,2,blue
ENSG00000118242,2,blue
ENSG00000118263,2,blue
ENSG00000118308,2,blue
ENSG00000118495,2,blue
ENSG00000118508,2,blue
ENSG00000118513,8,pink
ENSG00000118515,2,blue
ENSG00000118564,3,brown
ENSG00000118894,2,blue
ENSG00000118900,2,blue
ENSG00000119048,3,brown
ENSG00000119121,2,blue
ENSG00000119242,3,brown
ENSG00000119401,2,blue
ENSG00000119471,3,brown
ENSG00000119535,2,blue
ENSG00000119640,2,blue
ENSG00000119661,2,blue
ENSG00000119669,2,blue
ENSG00000119682,2,blue
ENSG00000119711,3,brown
ENSG00000119714,8,pink
ENSG00000119801,3,brown
ENSG00000119862,2,blue
ENSG00000119900,3,brown
ENSG00000119969,2,blue
ENSG00000119979,2,blue
ENSG00000120051,2,blue
ENSG00000120053,3,brown
ENSG00000120093,3,brown
ENSG00000120129,2,blue
ENSG00000120217,2,blue
ENSG00000120254,3,brown
ENSG00000120262,2,blue
ENSG00000120280,3,brown
ENSG00000120594,2,blue
ENSG00000120696,3,brown
ENSG00000120868,2,blue
ENSG00000120910,2,blue
ENSG00000120915,7,black
ENSG00000121039,8,pink
ENSG00000121060,2,blue
ENSG00000121064,2,blue
ENSG00000121316,2,blue
ENSG00000121406,2,blue
ENSG00000121413,7,black
ENSG00000121691,2,blue
ENSG00000121807,3,brown
ENSG00000121903,2,blue
ENSG00000121957,2,blue
ENSG00000121966,2,blue
ENSG00000122043,7,black
ENSG00000122188,2,blue
ENSG00000122223,8,pink
ENSG00000122224,3,brown
ENSG00000122862,3,brown
ENSG00000123066,2,blue
ENSG00000123159,3,brown
ENSG00000123352,3,brown
ENSG00000123453,7,black
ENSG00000123612,7,black
ENSG00000123636,2,blue
ENSG00000123684,3,brown
ENSG00000123700,2,blue
ENSG00000123810,2,blue
ENSG00000123836,2,blue
ENSG00000124102,2,blue
ENSG00000124107,2,blue
ENSG00000124203,3,brown
ENSG00000124215,2,blue
ENSG00000124224,2,blue
ENSG00000124256,2,blue
ENSG00000124374,2,blue
ENSG00000124491,2,blue
ENSG00000124588,2,blue
ENSG00000124731,2,blue
ENSG00000124813,2,blue
ENSG00000124942,8,pink
ENSG00000125354,7,black
ENSG00000125430,2,blue
ENSG00000125459,3,brown
ENSG00000125538,2,blue
ENSG00000125731,7,black
ENSG00000125746,3,brown
ENSG00000125753,2,blue
ENSG00000125772,3,brown
ENSG00000125780,2,blue
ENSG00000125810,2,blue
ENSG00000125827,2,blue
ENSG00000126016,8,pink
ENSG00000126217,7,black
ENSG00000126262,2,blue
ENSG00000126264,8,pink
ENSG00000126353,7,black
ENSG00000126759,2,blue
ENSG00000126790,2,blue
ENSG00000126870,2,blue
ENSG00000126883,2,blue
ENSG00000126945,3,brown
ENSG00000126953,2,blue
ENSG00000126970,7,black
ENSG00000127554,2,blue
ENSG00000127947,2,blue
ENSG00000127948,2,blue
ENSG00000127952,2,blue
ENSG00000127954,2,blue
ENSG00000128228,8,pink
ENSG00000128311,2,blue
ENSG00000128335,2,blue
ENSG00000128383,2,blue
ENSG00000128536,7,black
ENSG00000128594,2,blue
ENSG00000128596,3,brown
ENSG00000128626,2,blue
ENSG00000128918,2,blue
ENSG00000128928,3,brown
ENSG00000129116,8,pink
ENSG00000129292,3,brown
ENSG00000129295,2,blue
ENSG00000129484,2,blue
ENSG00000129493,2,blue
ENSG00000129595,8,pink
ENSG00000129657,2,blue
ENSG00000129968,8,pink
ENSG00000130066,3,brown
ENSG00000130150,3,brown
ENSG00000130340,7,black
ENSG00000130363,2,blue
ENSG00000130429,2,blue
ENSG00000130598,2,blue
ENSG00000130703,2,blue
ENSG00000130755,3,brown
ENSG00000130956,7,black
ENSG00000131018,8,pink
ENSG00000131089,3,brown
ENSG00000131236,2,blue
ENSG00000131238,2,blue
ENSG00000131355,2,blue
ENSG00000131389,2,blue
ENSG00000131634,7,black
ENSG00000131669,2,blue
ENSG00000131724,2,blue
ENSG00000131873,2,blue
ENSG00000132122,2,blue
ENSG00000132155,2,blue
ENSG00000132334,2,blue
ENSG00000132357,2,blue
ENSG00000132405,2,blue
ENSG00000132475,2,blue
ENSG00000132635,3,brown
ENSG00000132718,8,pink
ENSG00000132823,2,blue
ENSG00000132825,2,blue
ENSG00000132849,7,black
ENSG00000132879,3,brown
ENSG00000132965,2,blue
ENSG00000133048,2,blue
ENSG00000133063,2,blue
ENSG00000133067,8,pink
ENSG00000133104,3,brown
ENSG00000133256,2,blue
ENSG00000133313,3,brown
ENSG00000133318,2,blue
ENSG00000133321,2,blue
ENSG00000133460,3,brown
ENSG00000133812,2,blue
ENSG00000133935,2,blue
ENSG00000133961,2,blue
ENSG00000133962,2,blue
ENSG00000134152,3,brown
ENSG00000134291,2,blue
ENSG00000134352,7,black
ENSG00000134460,7,black
ENSG00000134463,2,blue
ENSG00000134539,8,pink
ENSG00000134686,2,blue
ENSG00000134698,2,blue
ENSG00000134709,7,black
ENSG00000134755,2,blue
ENSG00000134765,7,black
ENSG00000134830,2,blue
ENSG00000134864,2,blue
ENSG00000134909,3,brown
ENSG00000134954,7,black
ENSG00000134982,3,brown
ENSG00000134996,2,blue
ENSG00000135049,3,brown
ENSG00000135083,2,blue
ENSG00000135114,2,blue
ENSG00000135127,3,brown
ENSG00000135205,3,brown
ENSG00000135211,3,brown
ENSG00000135299,2,blue
ENSG00000135362,8,pink
ENSG00000135365,2,blue
ENSG00000135407,2,blue
ENSG00000135414,2,blue
ENSG00000135426,7,black
ENSG00000135469,2,blue
ENSG00000135525,2,blue
ENSG00000135622,3,brown
ENSG00000135631,8,pink
ENSG00000135655,3,brown
ENSG00000135677,2,blue
ENSG00000135679,2,blue
ENSG00000135736,3,brown
ENSG00000135749,3,brown
ENSG00000135766,2,blue
ENSG00000135838,2,blue
ENSG00000135842,2,blue
ENSG00000135960,7,black
ENSG00000136026,2,blue
ENSG00000136040,2,blue
ENSG00000136048,2,blue
ENSG00000136051,3,brown
ENSG00000136068,3,brown
ENSG00000136111,7,black
ENSG00000136153,7,black
ENSG00000136156,2,blue
ENSG00000136161,2,blue
ENSG00000136371,2,blue
ENSG00000136404,2,blue
ENSG00000136536,3,brown
ENSG00000136630,2,blue
ENSG00000136689,2,blue
ENSG00000136717,3,brown
ENSG00000136867,2,blue
ENSG00000136868,2,blue
ENSG00000136869,2,blue
ENSG00000136895,3,brown
ENSG00000136997,7,black
ENSG00000136999,2,blue
ENSG00000137070,7,black
ENSG00000137078,2,blue
ENSG00000137124,2,blue
ENSG00000137133,2,blue
ENSG00000137177,2,blue
ENSG00000137261,2,blue
ENSG00000137274,2,blue
ENSG00000137310,2,blue
ENSG00000137312,2,blue
ENSG00000137331,2,blue
ENSG00000137337,3,brown
ENSG00000137393,2,blue
ENSG00000137441,8,pink
ENSG00000137462,2,blue
ENSG00000137497,3,brown
ENSG00000137501,8,pink
ENSG00000137509,2,blue
ENSG00000137575,2,blue
ENSG00000137642,2,blue
ENSG00000137700,3,brown
ENSG00000137824,3,brown
ENSG00000138002,3,brown
ENSG00000138061,3,brown
ENSG00000138161,2,blue
ENSG00000138185,2,blue
ENSG00000138190,3,brown
ENSG00000138311,8,pink
ENSG00000138411,2,blue
ENSG00000138433,3,brown
ENSG00000138434,3,brown
ENSG00000138449,2,blue
ENSG00000138463,2,blue
ENSG00000138496,2,blue
ENSG00000138678,2,blue
ENSG00000138738,2,blue
ENSG00000138756,2,blue
ENSG00000138758,2,blue
ENSG00000138764,3,brown
ENSG00000138772,2,blue
ENSG00000138795,7,black
ENSG00000138801,2,blue
ENSG00000139116,8,pink
ENSG00000139132,2,blue
ENSG00000139187,8,pink
ENSG00000139193,7,black
ENSG00000139211,2,blue
ENSG00000139318,2,blue
ENSG00000139370,2,blue
ENSG00000139405,3,brown
ENSG00000139436,2,blue
ENSG00000139505,3,brown
ENSG00000139546,2,blue
ENSG00000139579,2,blue
ENSG00000139626,3,brown
ENSG00000139832,2,blue
ENSG00000139890,2,blue
ENSG00000139946,2,blue
ENSG00000140044,2,blue
ENSG00000140092,7,black
ENSG00000140199,2,blue
ENSG00000140287,2,blue
ENSG00000140365,3,brown
ENSG00000140450,2,blue
ENSG00000140470,7,black
ENSG00000140511,7,black
ENSG00000140526,2,blue
ENSG00000140545,7,black
ENSG00000140563,2,blue
ENSG00000140575,2,blue
ENSG00000140577,7,black
ENSG00000140743,7,black
ENSG00000140749,2,blue
ENSG00000140807,7,black
ENSG00000140932,2,blue
ENSG00000140995,2,blue
ENSG00000141293,3,brown
ENSG00000141295,3,brown
ENSG00000141298,2,blue
ENSG00000141384,7,black
ENSG00000141401,2,blue
ENSG00000141447,2,blue
ENSG00000141526,2,blue
ENSG00000141543,2,blue
ENSG00000141569,3,brown
ENSG00000141576,7,black
ENSG00000141736,8,pink
ENSG00000142046,2,blue
ENSG00000142166,2,blue
ENSG00000142173,8,pink
ENSG00000142405,2,blue
ENSG00000142546,7,black
ENSG00000142632,3,brown
ENSG00000142657,2,blue
ENSG00000142686,8,pink
ENSG00000142794,3,brown
ENSG00000143067,2,blue
ENSG00000143167,7,black
ENSG00000143179,3,brown
ENSG00000143185,8,pink
ENSG00000143207,3,brown
ENSG00000143226,2,blue
ENSG00000143367,2,blue
ENSG00000143384,2,blue
ENSG00000143452,3,brown
ENSG00000143502,7,black
ENSG00000143622,2,blue
ENSG00000143669,2,blue
ENSG00000143815,2,blue
ENSG00000143878,2,blue
ENSG00000143933,3,brown
ENSG00000144118,2,blue
ENSG00000144152,7,black
ENSG00000144228,3,brown
ENSG00000144635,3,brown
ENSG00000144655,2,blue
ENSG00000144749,7,black
ENSG00000144802,2,blue
ENSG00000144824,8,pink
ENSG00000144909,2,blue
ENSG00000145220,8,pink
ENSG00000145332,3,brown
ENSG00000145476,2,blue
ENSG00000145491,2,blue
ENSG00000145569,3,brown
ENSG00000145649,8,pink
ENSG00000145819,2,blue
ENSG00000145882,7,black
ENSG00000146021,7,black
ENSG00000146278,3,brown
ENSG00000146285,3,brown
ENSG00000146426,2,blue
ENSG00000146592,2,blue
ENSG00000146674,2,blue
ENSG00000146904,7,black
ENSG00000147044,2,blue
ENSG00000147138,2,blue
ENSG00000147155,2,blue
ENSG00000147234,8,pink
ENSG00000147324,3,brown
ENSG00000147383,3,brown
ENSG00000147416,2,blue
ENSG00000147457,7,black
ENSG00000147459,2,blue
ENSG00000147576,3,brown
ENSG00000147894,3,brown
ENSG00000148019,8,pink
ENSG00000148057,2,blue
ENSG00000148120,3,brown
ENSG00000148200,2,blue
ENSG00000148219,3,brown
ENSG00000148362,8,pink
ENSG00000148488,8,pink
ENSG00000148572,2,blue
ENSG00000148841,2,blue
ENSG00000148842,3,brown
ENSG00000148926,2,blue
ENSG00000149131,2,blue
ENSG00000149177,2,blue
ENSG00000149179,3,brown
ENSG00000149257,2,blue
ENSG00000149269,2,blue
ENSG00000149292,7,black
ENSG00000149294,8,pink
ENSG00000149357,2,blue
ENSG00000149428,3,brown
ENSG00000149573,2,blue
ENSG00000149582,7,black
ENSG00000149970,7,black
ENSG00000150048,2,blue
ENSG00000150337,2,blue
ENSG00000150347,2,blue
ENSG00000150403,2,blue
ENSG00000150457,2,blue
ENSG00000150687,8,pink
ENSG00000150782,3,brown
ENSG00000150938,8,pink
ENSG00000151150,7,black
ENSG00000151151,3,brown
ENSG00000151240,7,black
ENSG00000151414,3,brown
ENSG00000151458,3,brown
ENSG00000151466,3,brown
ENSG00000151552,3,brown
ENSG00000151612,3,brown
ENSG00000151623,7,black
ENSG00000151715,2,blue
ENSG00000151726,2,blue
ENSG00000151729,2,blue
ENSG00000151743,3,brown
ENSG00000151883,3,brown
ENSG00000151893,2,blue
ENSG00000151929,7,black
ENSG00000151948,2,blue
ENSG00000152213,2,blue
ENSG00000152229,2,blue
ENSG00000152256,8,pink
ENSG00000152270,3,brown
ENSG00000152380,2,blue
ENSG00000152443,3,brown
ENSG00000152495,7,black
ENSG00000152556,3,brown
ENSG00000152684,2,blue
ENSG00000152766,2,blue
ENSG00000152804,3,brown
ENSG00000152969,8,pink
ENSG00000153162,2,blue
ENSG00000153179,2,blue
ENSG00000153207,2,blue
ENSG00000153310,3,brown
ENSG00000153317,2,blue
ENSG00000153563,8,pink
ENSG00000153898,2,blue
ENSG00000154016,7,black
ENSG00000154027,7,black
ENSG00000154153,7,black
ENSG00000154188,3,brown
ENSG00000154229,7,black
ENSG00000154309,2,blue
ENSG00000154358,7,black
ENSG00000154359,3,brown
ENSG00000154429,3,brown
ENSG00000154451,2,blue
ENSG00000154589,3,brown
ENSG00000154734,8,pink
ENSG00000154760,8,pink
ENSG00000154764,7,black
ENSG00000154814,7,black
ENSG00000154845,2,blue
ENSG00000154889,2,blue
ENSG00000154928,2,blue
ENSG00000154930,3,brown
ENSG00000155093,2,blue
ENSG00000155099,3,brown
ENSG00000155111,2,blue
ENSG00000155324,2,blue
ENSG00000155465,2,blue
ENSG00000155657,7,black
ENSG00000155744,2,blue
ENSG00000155926,2,blue
ENSG00000155966,2,blue
ENSG00000156042,2,blue
ENSG00000156052,2,blue
ENSG00000156127,8,pink
ENSG00000156273,2,blue
ENSG00000156299,7,black
ENSG00000156313,2,blue
ENSG00000156395,7,black
ENSG00000156398,7,black
ENSG00000156475,8,pink
ENSG00000156510,7,black
ENSG00000156587,2,blue
ENSG00000156671,3,brown
ENSG00000156675,2,blue
ENSG00000156795,2,blue
ENSG00000156804,3,brown
ENSG00000156931,2,blue
ENSG00000157017,2,blue
ENSG00000157036,3,brown
ENSG00000157077,7,black
ENSG00000157107,3,brown
ENSG00000157303,7,black
ENSG00000157388,2,blue
ENSG00000157404,2,blue
ENSG00000157514,2,blue
ENSG00000157551,2,blue
ENSG00000157557,2,blue
ENSG00000157570,7,black
ENSG00000157778,2,blue
ENSG00000157800,2,blue
ENSG00000157978,7,black
ENSG00000157985,8,pink
ENSG00000158050,8,pink
ENSG00000158089,2,blue
ENSG00000158106,7,black
ENSG00000158169,3,brown
ENSG00000158201,3,brown
ENSG00000158234,2,blue
ENSG00000158321,3,brown
ENSG00000158517,2,blue
ENSG00000158526,2,blue
ENSG00000158710,2,blue
ENSG00000158813,7,black
ENSG00000158869,2,blue
ENSG00000158887,2,blue
ENSG00000159079,2,blue
ENSG00000159128,2,blue
ENSG00000159267,3,brown
ENSG00000159339,2,blue
ENSG00000159348,2,blue
ENSG00000159399,2,blue
ENSG00000159433,3,brown
ENSG00000159445,7,black
ENSG00000159496,2,blue
ENSG00000159674,8,pink
ENSG00000159720,2,blue
ENSG00000159882,3,brown
ENSG00000159884,2,blue
ENSG00000160050,2,blue
ENSG00000160145,7,black
ENSG00000160179,2,blue
ENSG00000160219,8,pink
ENSG00000160285,3,brown
ENSG00000160318,8,pink
ENSG00000160408,3,brown
ENSG00000160588,2,blue
ENSG00000160593,2,blue
ENSG00000160654,2,blue
ENSG00000160712,2,blue
ENSG00000160746,2,blue
ENSG00000160791,8,pink
ENSG00000161010,3,brown
ENSG00000161040,2,blue
ENSG00000161267,7,black
ENSG00000161381,7,black
ENSG00000161395,3,brown
ENSG00000161405,3,brown
ENSG00000161533,2,blue
ENSG00000161835,7,black
ENSG00000162063,3,brown
ENSG00000162194,3,brown
ENSG00000162398,8,pink
ENSG00000162415,2,blue
ENSG00000162434,2,blue
ENSG00000162444,3,brown
ENSG00000162496,7,black
ENSG00000162542,3,brown
ENSG00000162543,8,pink
ENSG00000162551,2,blue
ENSG00000162645,2,blue
ENSG00000162654,2,blue
ENSG00000162676,8,pink
ENSG00000162702,3,brown
ENSG00000162704,2,blue
ENSG00000162711,2,blue
ENSG00000162739,2,blue
ENSG00000162747,2,blue
ENSG00000162804,3,brown
ENSG00000162894,3,brown
ENSG00000162946,2,blue
ENSG00000163041,2,blue
ENSG00000163131,3,brown
ENSG00000163162,2,blue
ENSG00000163191,2,blue
ENSG00000163220,3,brown
ENSG00000163235,2,blue
ENSG00000163328,2,blue
ENSG00000163393,2,blue
ENSG00000163399,3,brown
ENSG00000163412,2,blue
ENSG00000163421,2,blue
ENSG00000163464,2,blue
ENSG00000163492,7,black
ENSG00000163508,8,pink
ENSG00000163563,2,blue
ENSG00000163564,8,pink
ENSG00000163565,2,blue
ENSG00000163568,3,brown
ENSG00000163590,8,pink
ENSG00000163599,2,blue
ENSG00000163600,7,black
ENSG00000163602,2,blue
ENSG00000163625,2,blue
ENSG00000163694,2,blue
ENSG00000163739,2,blue
ENSG00000163754,2,blue
ENSG00000163803,2,blue
ENSG00000163823,2,blue
ENSG00000163840,2,blue
ENSG00000163931,2,blue
ENSG00000163935,7,black
ENSG00000163956,2,blue
ENSG00000163964,2,blue
ENSG00000164023,3,brown
ENSG00000164038,2,blue
ENSG00000164051,2,blue
ENSG00000164077,3,brown
ENSG00000164105,3,brown
ENSG00000164124,2,blue
ENSG00000164144,3,brown
ENSG00000164241,2,blue
ENSG00000164251,2,blue
ENSG00000164284,7,black
ENSG00000164300,7,black
ENSG00000164327,3,brown
ENSG00000164342,8,pink
ENSG00000164402,8,pink
ENSG00000164463,3,brown
ENSG00000164483,8,pink
ENSG00000164506,3,brown
ENSG00000164512,7,black
ENSG00000164530,7,black
ENSG00000164603,3,brown
ENSG00000164713,2,blue
ENSG00000164823,3,brown
ENSG00000164938,2,blue
ENSG00000165025,2,blue
ENSG00000165029,2,blue
ENSG00000165030,2,blue
ENSG00000165046,2,blue
ENSG00000165071,2,blue
ENSG00000165115,2,blue
ENSG00000165175,2,blue
ENSG00000165185,2,blue
ENSG00000165264,3,brown
ENSG00000165272,7,black
ENSG00000165312,3,brown
ENSG00000165490,3,brown
ENSG00000165555,2,blue
ENSG00000165591,7,black
ENSG00000165617,7,black
ENSG00000165626,2,blue
ENSG00000165646,2,blue
ENSG00000165650,3,brown
ENSG00000165724,2,blue
ENSG00000165795,3,brown
ENSG00000165879,2,blue
ENSG00000165886,2,blue
ENSG00000166130,3,brown
ENSG00000166133,2,blue
ENSG00000166228,2,blue
ENSG00000166289,8,pink
ENSG00000166313,7,black
ENSG00000166341,7,black
ENSG00000166348,3,brown
ENSG00000166401,2,blue
ENSG00000166405,7,black
ENSG00000166452,2,blue
ENSG00000166483,2,blue
ENSG00000166523,2,blue
ENSG00000166579,2,blue
ENSG00000166707,2,blue
ENSG00000166750,2,blue
ENSG00000166886,3,brown
ENSG00000166900,2,blue
ENSG00000166912,2,blue
ENSG00000166949,3,brown
ENSG00000167077,3,brown
ENSG00000167083,8,pink
ENSG00000167094,8,pink
ENSG00000167106,7,black
ENSG00000167114,3,brown
ENSG00000167434,2,blue
ENSG00000167526,2,blue
ENSG00000167528,2,blue
ENSG00000167536,2,blue
ENSG00000167543,3,brown
ENSG00000167552,2,blue
ENSG00000167664,7,black
ENSG00000167775,3,brown
ENSG00000167984,3,brown
ENSG00000167995,2,blue
ENSG00000168005,3,brown
ENSG00000168038,2,blue
ENSG00000168214,2,blue
ENSG00000168216,3,brown
ENSG00000168229,8,pink
ENSG00000168280,2,blue
ENSG00000168297,2,blue
ENSG00000168298,2,blue
ENSG00000168329,8,pink
ENSG00000168393,3,brown
ENSG00000168394,2,blue
ENSG00000168404,2,blue
ENSG00000168461,2,blue
ENSG00000168495,3,brown
ENSG00000168496,2,blue
ENSG00000168569,2,blue
ENSG00000168610,2,blue
ENSG00000168615,3,brown
ENSG00000168646,7,black
ENSG00000168672,2,blue
ENSG00000168685,7,black
ENSG00000168758,3,brown
ENSG00000168769,2,blue
ENSG00000168781,3,brown
ENSG00000168792,3,brown
ENSG00000168916,2,blue
ENSG00000168924,3,brown
ENSG00000168939,2,blue
ENSG00000169087,2,blue
ENSG00000169180,2,blue
ENSG00000169239,2,blue
ENSG00000169252,8,pink
ENSG00000169299,2,blue
ENSG00000169403,2,blue
ENSG00000169413,3,brown
ENSG00000169508,7,black
ENSG00000169857,2,blue
ENSG00000169884,8,pink
ENSG00000169891,2,blue
ENSG00000169902,2,blue
ENSG00000169918,8,pink
ENSG00000169967,3,brown
ENSG00000169991,3,brown
ENSG00000170006,2,blue
ENSG00000170017,3,brown
ENSG00000170074,7,black
ENSG00000170089,7,black
ENSG00000170113,2,blue
ENSG00000170345,2,blue
ENSG00000170458,2,blue
ENSG00000170522,8,pink
ENSG00000170629,2,blue
ENSG00000170631,2,blue
ENSG00000170779,2,blue
ENSG00000170832,2,blue
ENSG00000170837,2,blue
ENSG00000170871,2,blue
ENSG00000170876,2,blue
ENSG00000170892,2,blue
ENSG00000170915,7,black
ENSG00000170956,2,blue
ENSG00000170962,8,pink
ENSG00000170989,2,blue
ENSG00000171033,7,black
ENSG00000171049,2,blue
ENSG00000171051,2,blue
ENSG00000171219,7,black
ENSG00000171223,2,blue
ENSG00000171236,2,blue
ENSG00000171310,2,blue
ENSG00000171476,8,pink
ENSG00000171596,8,pink
ENSG00000171659,3,brown
ENSG00000171791,7,black
ENSG00000171843,7,black
ENSG00000171862,3,brown
ENSG00000171988,2,blue
ENSG00000172005,7,black
ENSG00000172116,8,pink
ENSG00000172123,3,brown
ENSG00000172197,2,blue
ENSG00000172215,8,pink
ENSG00000172216,2,blue
ENSG00000172243,2,blue
ENSG00000172543,8,pink
ENSG00000172575,2,blue
ENSG00000172594,3,brown
ENSG00000172765,2,blue
ENSG00000172795,3,brown
ENSG00000172840,3,brown
ENSG00000172845,3,brown
ENSG00000172878,7,black
ENSG00000172893,3,brown
ENSG00000172915,7,black
ENSG00000172965,2,blue
ENSG00000173083,2,blue
ENSG00000173085,2,blue
ENSG00000173110,2,blue
ENSG00000173114,7,black
ENSG00000173171,2,blue
ENSG00000173193,2,blue
ENSG00000173200,2,blue
ENSG00000173218,8,pink
ENSG00000173281,2,blue
ENSG00000173334,2,blue
ENSG00000173482,8,pink
ENSG00000173530,7,black
ENSG00000173535,2,blue
ENSG00000173559,2,blue
ENSG00000173597,2,blue
ENSG00000173614,2,blue
ENSG00000173825,2,blue
ENSG00000173848,7,black
ENSG00000173890,3,brown
ENSG00000173930,2,blue
ENSG00000174007,2,blue
ENSG00000174099,2,blue
ENSG00000174125,3,brown
ENSG00000174130,2,blue
ENSG00000174132,2,blue
ENSG00000174136,7,black
ENSG00000174171,3,brown
ENSG00000174206,2,blue
ENSG00000174238,2,blue
ENSG00000174306,3,brown
ENSG00000174500,7,black
ENSG00000174529,2,blue
ENSG00000174600,8,pink
ENSG00000174718,3,brown
ENSG00000174749,3,brown
ENSG00000174885,2,blue
ENSG00000174917,2,blue
ENSG00000175029,2,blue
ENSG00000175066,8,pink
ENSG00000175106,3,brown
ENSG00000175137,2,blue
ENSG00000175197,3,brown
ENSG00000175283,2,blue
ENSG00000175471,3,brown
ENSG00000175538,2,blue
ENSG00000175564,3,brown
ENSG00000175701,2,blue
ENSG00000175764,3,brown
ENSG00000175792,3,brown
ENSG00000175928,2,blue
ENSG00000176049,8,pink
ENSG00000176160,2,blue
ENSG00000176422,3,brown
ENSG00000176463,2,blue
ENSG00000176485,8,pink
ENSG00000176531,7,black
ENSG00000176593,3,brown
ENSG00000176595,2,blue
ENSG00000176597,3,brown
ENSG00000176619,3,brown
ENSG00000176749,2,blue
ENSG00000176783,2,blue
ENSG00000176788,2,blue
ENSG00000176928,7,black
ENSG00000177112,2,blue
ENSG00000177125,2,blue
ENSG00000177156,2,blue
ENSG00000177191,2,blue
ENSG00000177272,3,brown
ENSG00000177311,8,pink
ENSG00000177409,3,brown
ENSG00000177410,2,blue
ENSG00000177483,3,brown
ENSG00000177570,7,black
ENSG00000177721,2,blue
ENSG00000177842,2,blue
ENSG00000177885,2,blue
ENSG00000178035,2,blue
ENSG00000178038,7,black
ENSG00000178075,3,brown
ENSG00000178104,2,blue
ENSG00000178199,3,brown
ENSG00000178202,2,blue
ENSG00000178562,7,black
ENSG00000178695,3,brown
ENSG00000178726,2,blue
ENSG00000178904,2,blue
ENSG00000178935,2,blue
ENSG00000178966,3,brown
ENSG00000178996,2,blue
ENSG00000179218,3,brown
ENSG00000179222,3,brown
ENSG00000179271,2,blue
ENSG00000179299,2,blue
ENSG00000179456,2,blue
ENSG00000179715,7,black
ENSG00000179915,2,blue
ENSG00000179978,2,blue
ENSG00000179988,2,blue
ENSG00000180096,2,blue
ENSG00000180221,2,blue
ENSG00000180304,2,blue
ENSG00000180353,2,blue
ENSG00000180354,2,blue
ENSG00000180370,2,blue
ENSG00000180385,3,brown
ENSG00000180509,2,blue
ENSG00000180549,2,blue
ENSG00000180573,2,blue
ENSG00000180644,8,pink
ENSG00000180739,8,pink
ENSG00000180871,2,blue
ENSG00000180879,2,blue
ENSG00000180953,2,blue
ENSG00000181016,2,blue
ENSG00000181029,2,blue
ENSG00000181035,3,brown
ENSG00000181036,8,pink
ENSG00000181045,3,brown
ENSG00000181104,8,pink
ENSG00000181215,8,pink
ENSG00000181274,2,blue
ENSG00000181284,2,blue
ENSG00000181481,2,blue
ENSG00000181631,2,blue
ENSG00000181690,7,black
ENSG00000181751,3,brown
ENSG00000181754,7,black
ENSG00000181778,2,blue
ENSG00000181826,2,blue
ENSG00000181847,2,blue
ENSG00000182022,2,blue
ENSG00000182054,3,brown
ENSG00000182108,2,blue
ENSG00000182117,2,blue
ENSG00000182134,3,brown
ENSG00000182165,2,blue
ENSG00000182173,8,pink
ENSG00000182183,7,black
ENSG00000182197,2,blue
ENSG00000182220,3,brown
ENSG00000182230,7,black
ENSG00000182308,2,blue
ENSG00000182318,3,brown
ENSG00000182389,2,blue
ENSG00000182463,7,black
ENSG00000182511,2,blue
ENSG00000182534,8,pink
ENSG00000182541,2,blue
ENSG00000182568,7,black
ENSG00000182782,2,blue
ENSG00000182866,2,blue
ENSG00000182885,2,blue
ENSG00000182923,2,blue
ENSG00000182986,2,blue
ENSG00000183023,2,blue
ENSG00000183208,3,brown
ENSG00000183283,2,blue
ENSG00000183323,2,blue
ENSG00000183444,3,brown
ENSG00000183542,8,pink
ENSG00000183621,2,blue
ENSG00000183625,2,blue
ENSG00000183662,2,blue
ENSG00000183688,2,blue
ENSG00000183690,3,brown
ENSG00000183691,7,black
ENSG00000183734,8,pink
ENSG00000183784,3,brown
ENSG00000183813,7,black
ENSG00000184005,3,brown
ENSG00000184014,2,blue
ENSG00000184271,7,black
ENSG00000184428,3,brown
ENSG00000184557,2,blue
ENSG00000184588,2,blue
ENSG00000184602,2,blue
ENSG00000184613,7,black
ENSG00000184860,7,black
ENSG00000184903,2,blue
ENSG00000185101,7,black
ENSG00000185201,2,blue
ENSG00000185261,2,blue
ENSG00000185345,7,black
ENSG00000185361,3,brown
ENSG00000185420,3,brown
ENSG00000185442,2,blue
ENSG00000185591,2,blue
ENSG00000185621,2,blue
ENSG00000185650,2,blue
ENSG00000185697,8,pink
ENSG00000185813,2,blue
ENSG00000185862,2,blue
ENSG00000185880,3,brown
ENSG00000185909,2,blue
ENSG00000185950,2,blue
ENSG00000186073,2,blue
ENSG00000186153,3,brown
ENSG00000186205,2,blue
ENSG00000186222,2,blue
ENSG00000186260,7,black
ENSG00000186431,2,blue
ENSG00000186481,2,blue
ENSG00000186496,3,brown
ENSG00000186529,2,blue
ENSG00000186594,2,blue
ENSG00000186854,7,black
ENSG00000186908,3,brown
ENSG00000187024,8,pink
ENSG00000187091,3,brown
ENSG00000187554,2,blue
ENSG00000187695,2,blue
ENSG00000187792,3,brown
ENSG00000188001,8,pink
ENSG00000188042,2,blue
ENSG00000188070,3,brown
ENSG00000188158,2,blue
ENSG00000188186,2,blue
ENSG00000188211,8,pink
ENSG00000188227,2,blue
ENSG00000188315,2,blue
ENSG00000188404,2,blue
ENSG00000188522,3,brown
ENSG00000188559,2,blue
ENSG00000188596,2,blue
ENSG00000188649,2,blue
ENSG00000188895,2,blue
ENSG00000188906,2,blue
ENSG00000189067,2,blue
ENSG00000189077,2,blue
ENSG00000189159,2,blue
ENSG00000189233,8,pink
ENSG00000189283,7,black
ENSG00000189337,2,blue
ENSG00000189350,8,pink
ENSG00000189362,2,blue
ENSG00000196083,2,blue
ENSG00000196154,3,brown
ENSG00000196155,7,black
ENSG00000196352,2,blue
ENSG00000196440,3,brown
ENSG00000196502,2,blue
ENSG00000196549,2,blue
ENSG00000196562,2,blue
ENSG00000196586,8,pink
ENSG00000196663,2,blue
ENSG00000196782,2,blue
ENSG00000196839,8,pink
ENSG00000196968,8,pink
ENSG00000197043,3,brown
ENSG00000197057,8,pink
ENSG00000197077,8,pink
ENSG00000197081,2,blue
ENSG00000197208,2,blue
ENSG00000197329,2,blue
ENSG00000197442,2,blue
ENSG00000197457,7,black
ENSG00000197471,3,brown
ENSG00000197497,2,blue
ENSG00000197540,8,pink
ENSG00000197555,2,blue
ENSG00000197579,3,brown
ENSG00000197635,7,black
ENSG00000197712,2,blue
ENSG00000197852,2,blue
ENSG00000197872,2,blue
ENSG00000197930,3,brown
ENSG00000197943,2,blue
ENSG00000197951,3,brown
ENSG00000197965,2,blue
ENSG00000197971,2,blue
ENSG00000197989,2,blue
ENSG00000198189,3,brown
ENSG00000198223,2,blue
ENSG00000198270,2,blue
ENSG00000198355,2,blue
ENSG00000198363,2,blue
ENSG00000198420,2,blue
ENSG00000198431,2,blue
ENSG00000198574,8,pink
ENSG00000198585,2,blue
ENSG00000198590,3,brown
ENSG00000198604,3,brown
ENSG00000198648,8,pink
ENSG00000198673,2,blue
ENSG00000198690,2,blue
ENSG00000198734,2,blue
ENSG00000198736,2,blue
ENSG00000198756,8,pink
ENSG00000198814,2,blue
ENSG00000198821,3,brown
ENSG00000198833,3,brown
ENSG00000198846,8,pink
ENSG00000198851,3,brown
ENSG00000198885,8,pink
ENSG00000198898,3,brown
ENSG00000198908,2,blue
ENSG00000198915,8,pink
ENSG00000198932,7,black
ENSG00000198937,2,blue
ENSG00000199135,2,blue
ENSG00000203497,2,blue
ENSG00000203644,3,brown
ENSG00000203710,2,blue
ENSG00000203721,2,blue
ENSG00000203814,2,blue
ENSG00000203999,2,blue
ENSG00000204020,3,brown
ENSG00000204054,2,blue
ENSG00000204160,2,blue
ENSG00000204219,7,black
ENSG00000204271,7,black
ENSG00000204386,2,blue
ENSG00000204389,2,blue
ENSG00000204472,3,brown
ENSG00000204482,2,blue
ENSG00000204934,7,black
ENSG00000205133,3,brown
ENSG00000205138,2,blue
ENSG00000205269,3,brown
ENSG00000205336,8,pink
ENSG00000205423,3,brown
ENSG00000205930,7,black
ENSG00000206199,2,blue
ENSG00000206344,2,blue
ENSG00000206503,2,blue
ENSG00000206561,3,brown
ENSG00000206965,2,blue
ENSG00000207117,2,blue
ENSG00000209042,2,blue
ENSG00000211455,3,brown
ENSG00000211670,8,pink
ENSG00000211689,8,pink
ENSG00000211694,8,pink
ENSG00000211695,8,pink
ENSG00000211696,8,pink
ENSG00000211716,2,blue
ENSG00000211734,7,black
ENSG00000211751,2,blue
ENSG00000211772,2,blue
ENSG00000211789,2,blue
ENSG00000211829,8,pink
ENSG00000211844,3,brown
ENSG00000211847,3,brown
ENSG00000211849,3,brown
ENSG00000211850,3,brown
ENSG00000211856,3,brown
ENSG00000211857,3,brown
ENSG00000211858,2,blue
ENSG00000211859,3,brown
ENSG00000211860,3,brown
ENSG00000211862,3,brown
ENSG00000211863,3,brown
ENSG00000211864,3,brown
ENSG00000211865,3,brown
ENSG00000211866,3,brown
ENSG00000211869,3,brown
ENSG00000211870,3,brown
ENSG00000211871,3,brown
ENSG00000211872,3,brown
ENSG00000211873,2,blue
ENSG00000211877,2,blue
ENSG00000211878,3,brown
ENSG00000211880,2,blue
ENSG00000211882,3,brown
ENSG00000211883,2,blue
ENSG00000211884,3,brown
ENSG00000211885,3,brown
ENSG00000211886,3,brown
ENSG00000212743,2,blue
ENSG00000213066,2,blue
ENSG00000213071,8,pink
ENSG00000213073,2,blue
ENSG00000213085,2,blue
ENSG00000213145,2,blue
ENSG00000213337,2,blue
ENSG00000213347,2,blue
ENSG00000213366,3,brown
ENSG00000213390,2,blue
ENSG00000213420,7,black
ENSG00000213462,2,blue
ENSG00000213465,2,blue
ENSG00000213613,2,blue
ENSG00000213626,3,brown
ENSG00000213722,2,blue
ENSG00000213809,8,pink
ENSG00000213930,7,black
ENSG00000214189,3,brown
ENSG00000214212,2,blue
ENSG00000214293,2,blue
ENSG00000214439,3,brown
ENSG00000214456,2,blue
ENSG00000215114,2,blue
ENSG00000215126,3,brown
ENSG00000215190,2,blue
ENSG00000215301,3,brown
ENSG00000215424,2,blue
ENSG00000215717,3,brown
ENSG00000215788,7,black
ENSG00000217128,2,blue
ENSG00000217555,2,blue
ENSG00000218809,2,blue
ENSG00000220517,8,pink
ENSG00000221829,3,brown
ENSG00000221869,2,blue
ENSG00000221926,3,brown
ENSG00000221963,2,blue
ENSG00000222057,2,blue
ENSG00000222365,2,blue
ENSG00000222831,2,blue
ENSG00000223117,2,blue
ENSG00000223745,3,brown
ENSG00000223865,2,blue
ENSG00000223891,2,blue
ENSG00000224078,2,blue
ENSG00000224152,2,blue
ENSG00000224307,2,blue
ENSG00000224356,2,blue
ENSG00000224505,2,blue
ENSG00000224597,3,brown
ENSG00000224745,3,brown
ENSG00000224959,2,blue
ENSG00000225205,8,pink
ENSG00000225528,3,brown
ENSG00000225611,2,blue
ENSG00000225783,8,pink
ENSG00000225873,2,blue
ENSG00000225889,2,blue
ENSG00000225948,7,black
ENSG00000225973,3,brown
ENSG00000225975,2,blue
ENSG00000226137,2,blue
ENSG00000226266,2,blue
ENSG00000226471,2,blue
ENSG00000226479,2,blue
ENSG00000226501,2,blue
ENSG00000226660,2,blue
ENSG00000226950,2,blue
ENSG00000227051,7,black
ENSG00000227191,8,pink
ENSG00000227268,3,brown
ENSG00000227507,7,black
ENSG00000227598,2,blue
ENSG00000227678,8,pink
ENSG00000227825,2,blue
ENSG00000228079,3,brown
ENSG00000228106,2,blue
ENSG00000228140,8,pink
ENSG00000228242,2,blue
ENSG00000228446,3,brown
ENSG00000228486,3,brown
ENSG00000228506,2,blue
ENSG00000228649,2,blue
ENSG00000228784,7,black
ENSG00000228794,3,brown
ENSG00000228939,3,brown
ENSG00000228956,7,black
ENSG00000229153,7,black
ENSG00000229320,3,brown
ENSG00000229325,3,brown
ENSG00000229474,8,pink
ENSG00000229808,2,blue
ENSG00000229899,2,blue
ENSG00000229955,2,blue
ENSG00000230155,3,brown
ENSG00000230257,2,blue
ENSG00000230673,2,blue
ENSG00000230747,8,pink
ENSG00000230789,2,blue
ENSG00000230839,2,blue
ENSG00000231047,2,blue
ENSG00000231160,7,black
ENSG00000231607,3,brown
ENSG00000231682,7,black
ENSG00000231999,2,blue
ENSG00000232021,7,black
ENSG00000232022,8,pink
ENSG00000232104,2,blue
ENSG00000232528,2,blue
ENSG00000232587,2,blue
ENSG00000232855,8,pink
ENSG00000232912,2,blue
ENSG00000232931,3,brown
ENSG00000233006,7,black
ENSG00000233016,2,blue
ENSG00000233093,2,blue
ENSG00000233184,2,blue
ENSG00000233306,8,pink
ENSG00000233355,7,black
ENSG00000233369,2,blue
ENSG00000233382,3,brown
ENSG00000233429,2,blue
ENSG00000233452,2,blue
ENSG00000233609,3,brown
ENSG00000233791,2,blue
ENSG00000234383,2,blue
ENSG00000234506,3,brown
ENSG00000234614,8,pink
ENSG00000235162,8,pink
ENSG00000235173,3,brown
ENSG00000235192,7,black
ENSG00000235194,3,brown
ENSG00000235290,2,blue
ENSG00000235453,3,brown
ENSG00000235531,8,pink
ENSG00000235532,7,black
ENSG00000235576,8,pink
ENSG00000235655,2,blue
ENSG00000235750,2,blue
ENSG00000235834,2,blue
ENSG00000235944,7,black
ENSG00000236144,3,brown
ENSG00000236194,2,blue
ENSG00000236213,8,pink
ENSG00000236255,3,brown
ENSG00000236345,2,blue
ENSG00000236438,2,blue
ENSG00000236525,2,blue
ENSG00000236609,2,blue
ENSG00000236790,8,pink
ENSG00000236946,2,blue
ENSG00000237036,3,brown
ENSG00000237248,8,pink
ENSG00000237298,2,blue
ENSG00000237489,2,blue
ENSG00000237499,3,brown
ENSG00000237753,2,blue
ENSG00000237757,3,brown
ENSG00000237803,2,blue
ENSG00000237827,2,blue
ENSG00000237892,2,blue
ENSG00000237943,7,black
ENSG00000237945,3,brown
ENSG00000237984,2,blue
ENSG00000238005,2,blue
ENSG00000238113,2,blue
ENSG00000238121,3,brown
ENSG00000238160,2,blue
ENSG00000238228,3,brown
ENSG00000238966,2,blue
ENSG00000239636,8,pink
ENSG00000239713,8,pink
ENSG00000239827,2,blue
ENSG00000239998,2,blue
ENSG00000240065,2,blue
ENSG00000240207,3,brown
ENSG00000240291,2,blue
ENSG00000240891,8,pink
ENSG00000241014,3,brown
ENSG00000241157,3,brown
ENSG00000241163,2,blue
ENSG00000241399,3,brown
ENSG00000241721,3,brown
ENSG00000241764,3,brown
ENSG00000241772,2,blue
ENSG00000241886,2,blue
ENSG00000241975,3,brown
ENSG00000242094,2,blue
ENSG00000242324,2,blue
ENSG00000243175,2,blue
ENSG00000243398,2,blue
ENSG00000243406,2,blue
ENSG00000243544,2,blue
ENSG00000243554,2,blue
ENSG00000243609,2,blue
ENSG00000243646,2,blue
ENSG00000243660,2,blue
ENSG00000243806,3,brown
ENSG00000243927,3,brown
ENSG00000244165,3,brown
ENSG00000244482,2,blue
ENSG00000244617,2,blue
ENSG00000244627,2,blue
ENSG00000245025,8,pink
ENSG00000245105,8,pink
ENSG00000245164,7,black
ENSG00000245556,2,blue
ENSG00000245571,2,blue
ENSG00000245958,3,brown
ENSG00000246084,7,black
ENSG00000246089,2,blue
ENSG00000246145,3,brown
ENSG00000246223,7,black
ENSG00000246263,3,brown
ENSG00000246526,8,pink
ENSG00000246596,3,brown
ENSG00000246627,3,brown
ENSG00000246790,7,black
ENSG00000247400,3,brown
ENSG00000247624,2,blue
ENSG00000247626,2,blue
ENSG00000248019,2,blue
ENSG00000248049,2,blue
ENSG00000248283,3,brown
ENSG00000248323,2,blue
ENSG00000248508,3,brown
ENSG00000248693,2,blue
ENSG00000248727,2,blue
ENSG00000248791,3,brown
ENSG00000248858,3,brown
ENSG00000248863,3,brown
ENSG00000249096,2,blue
ENSG00000249138,2,blue
ENSG00000249309,2,blue
ENSG00000249437,2,blue
ENSG00000249476,2,blue
ENSG00000249662,2,blue
ENSG00000249667,7,black
ENSG00000249806,7,black
ENSG00000249825,7,black
ENSG00000249859,7,black
ENSG00000249978,8,pink
ENSG00000250130,2,blue
ENSG00000250254,2,blue
ENSG00000250608,2,blue
ENSG00000250616,2,blue
ENSG00000250889,7,black
ENSG00000251034,7,black
ENSG00000251192,2,blue
ENSG00000251215,2,blue
ENSG00000251259,3,brown
ENSG00000251301,8,pink
ENSG00000251442,2,blue
ENSG00000251682,2,blue
ENSG00000252906,2,blue
ENSG00000253284,8,pink
ENSG00000253522,2,blue
ENSG00000253616,2,blue
ENSG00000253636,3,brown
ENSG00000253981,2,blue
ENSG00000254087,2,blue
ENSG00000254093,2,blue
ENSG00000254272,2,blue
ENSG00000254363,3,brown
ENSG00000254470,2,blue
ENSG00000254789,2,blue
ENSG00000254876,2,blue
ENSG00000254986,3,brown
ENSG00000255112,3,brown
ENSG00000255163,2,blue
ENSG00000255328,2,blue
ENSG00000255398,2,blue
ENSG00000255776,8,pink
ENSG00000255801,2,blue
ENSG00000255819,8,pink
ENSG00000255987,2,blue
ENSG00000256039,8,pink
ENSG00000256128,8,pink
ENSG00000256229,3,brown
ENSG00000256427,8,pink
ENSG00000256576,7,black
ENSG00000256581,2,blue
ENSG00000256720,8,pink
ENSG00000256751,2,blue
ENSG00000256937,8,pink
ENSG00000257093,7,black
ENSG00000257242,7,black
ENSG00000257335,2,blue
ENSG00000257727,2,blue
ENSG00000257743,2,blue
ENSG00000257878,2,blue
ENSG00000258082,2,blue
ENSG00000258101,3,brown
ENSG00000258215,2,blue
ENSG00000258316,2,blue
ENSG00000258352,2,blue
ENSG00000258476,2,blue
ENSG00000258565,2,blue
ENSG00000258819,2,blue
ENSG00000258875,8,pink
ENSG00000258944,2,blue
ENSG00000259205,3,brown
ENSG00000259330,2,blue
ENSG00000259332,2,blue
ENSG00000259363,2,blue
ENSG00000259379,2,blue
ENSG00000259600,2,blue
ENSG00000259626,2,blue
ENSG00000259642,2,blue
ENSG00000259651,2,blue
ENSG00000259671,2,blue
ENSG00000259673,2,blue
ENSG00000259962,2,blue
ENSG00000260078,3,brown
ENSG00000260083,2,blue
ENSG00000260452,2,blue
ENSG00000260711,2,blue
ENSG00000260807,7,black
ENSG00000260816,3,brown
ENSG00000260822,2,blue
ENSG00000260910,3,brown
ENSG00000260916,3,brown
ENSG00000260948,7,black
ENSG00000261136,2,blue
ENSG00000261150,7,black
ENSG00000261208,8,pink
ENSG00000261229,2,blue
ENSG00000261371,2,blue
ENSG00000261428,2,blue
ENSG00000261468,2,blue
ENSG00000261526,2,blue
ENSG00000261596,2,blue
ENSG00000261662,2,blue
ENSG00000261716,2,blue
ENSG00000261801,3,brown
ENSG00000261804,2,blue
ENSG00000262370,2,blue
ENSG00000262714,2,blue
ENSG00000263013,2,blue
ENSG00000263482,7,black
ENSG00000264522,3,brown
ENSG00000265531,2,blue
ENSG00000265625,2,blue
ENSG00000265666,2,blue
ENSG00000265828,2,blue
ENSG00000265972,2,blue
ENSG00000265996,2,blue
ENSG00000266127,3,brown
ENSG00000266338,7,black
ENSG00000266405,3,brown
ENSG00000266709,3,brown
ENSG00000266947,7,black
ENSG00000267074,3,brown
ENSG00000267106,3,brown
ENSG00000267174,2,blue
ENSG00000267194,2,blue
ENSG00000267278,7,black
ENSG00000267364,2,blue
ENSG00000267481,2,blue
ENSG00000267767,3,brown
ENSG00000268170,2,blue
ENSG00000268220,2,blue
ENSG00000268516,3,brown
ENSG00000268734,2,blue
ENSG00000269293,2,blue
ENSG00000269713,7,black
ENSG00000269825,2,blue
ENSG00000269837,3,brown
ENSG00000269918,2,blue
ENSG00000269997,2,blue
ENSG00000270012,7,black
ENSG00000270015,2,blue
ENSG00000270130,2,blue
ENSG00000270277,2,blue
ENSG00000270562,3,brown
ENSG00000270574,2,blue
ENSG00000270640,2,blue
ENSG00000270956,2,blue
ENSG00000270959,2,blue
ENSG00000271011,2,blue
ENSG00000271327,2,blue
ENSG00000271361,2,blue
ENSG00000271461,2,blue
ENSG00000271503,8,pink
ENSG00000271856,7,black
ENSG00000271964,7,black
ENSG00000272033,2,blue
ENSG00000272282,8,pink
ENSG00000272477,7,black
ENSG00000272498,7,black
ENSG00000272501,2,blue
ENSG00000272529,7,black
ENSG00000272562,2,blue
ENSG00000272625,2,blue
ENSG00000272734,3,brown
ENSG00000272908,8,pink
ENSG00000272918,2,blue
ENSG00000273038,2,blue
ENSG00000273112,2,blue
ENSG00000273320,2,blue
ENSG00000273340,3,brown
ENSG00000273382,3,brown
ENSG00000273797,2,blue
ENSG00000273824,8,pink
ENSG00000274173,2,blue
ENSG00000274536,2,blue
ENSG00000274712,2,blue
ENSG00000274922,3,brown
ENSG00000274929,2,blue
ENSG00000274963,2,blue
ENSG00000275131,7,black
ENSG00000275302,8,pink
ENSG00000275379,2,blue
ENSG00000275569,3,brown
ENSG00000275888,2,blue
ENSG00000276058,3,brown
ENSG00000276136,2,blue
ENSG00000276180,2,blue
ENSG00000276644,2,blue
ENSG00000276649,2,blue
ENSG00000276699,3,brown
ENSG00000276900,3,brown
ENSG00000277147,8,pink
ENSG00000277443,3,brown
ENSG00000277548,2,blue
ENSG00000277595,2,blue
ENSG00000277687,2,blue
ENSG00000277734,2,blue
ENSG00000277763,2,blue
ENSG00000277972,8,pink
ENSG00000278156,2,blue
ENSG00000278195,7,black
ENSG00000278259,3,brown
ENSG00000278540,3,brown
ENSG00000278600,2,blue
ENSG00000278829,2,blue
ENSG00000278864,7,black
ENSG00000278869,2,blue
ENSG00000278962,7,black
ENSG00000279277,3,brown
ENSG00000279355,8,pink
ENSG00000279447,2,blue
ENSG00000279598,2,blue
ENSG00000279741,2,blue
ENSG00000279819,3,brown
ENSG00000279884,2,blue
ENSG00000279981,3,brown
ENSG00000280027,2,blue
ENSG00000280088,2,blue
ENSG00000280135,3,brown
ENSG00000280206,2,blue
ENSG00000280237,7,black
ENSG00000280347,3,brown
ENSG00000280381,7,black
ENSG00000280832,2,blue
ENSG00000281103,8,pink
ENSG00000281106,2,blue
ENSG00000281162,2,blue
ENSG00000282100,2,blue
ENSG00000282980,2,blue
ENSG00000282988,2,blue
ENSG00000283122,2,blue
ENSG00000283378,2,blue
ENSG00000283839,3,brown
ENSG00000283994,2,blue
