Lab ID,total_readCount
F1630917,7662988
F1630918,7513211
F1630919,7197938
F1630920,6659960
F1630929,9080390
F1630930,8479692
F1630934,7173460
F1630935,9960698
F1630938,10957653
F1630939,9043130
F1630941,8396359
F1630943,8247789
F1630946,8535314
F1630948,8156046
F1630950,7739023
F1630954,9235191
F1630956,6936529
F1630957,8602234
F1630962,7929774
F1630965,6514008
F1630970,8774911
F1630972,8181462
F1630974,9388520
F1630976,8593648
F1630977,8405503
F1630978,8600717
F1630980,13121745
F1630981,8554916
F1630985,6910320
F1630996,7673396
F1630997,7723569
F1630998,7176626
F1631000,10831942
F1631001,7986672
F1631003,7205476
F1631005,7083228
F1631007,7592533
F1631010,7020344
F1631012,7038550
F1631015,9605093
F1631017,8634306
F1631020,8718384
F1631026,8388587
F1631030,8677770
F1631032,9236695
F1631033,7744502
F1631034,9948117
F1631037,8909122
F1631038,12220135
F1631044,9171919
F1631046,8515371
F1631047,8770002
F1631052,9134922
F1631053,8643572
F1631056,11996154
F1631058,10210049
F1631064,9756923
F1631066,8300266
F1631067,7602993
F1631070,8239351
F1631071,8759209
F1631072,7200334
F1631073,8624775
F1631076,6724916
F1631080,6742745
F1631081,6917316
F1631082,8737618
F1631083,7815564
F1631085,7186396
F1631091,6906997
F1631093,7651291
F1631094,8194635
F1631095,7947701
F1631098,8147134
F1631100,7878616
F1631101,11486321
F1631102,6807513
F1631103,10769451
F1631104,6627543
F1631105,9247493
F1631106,6466803
F1631108,8243881
F1631109,7529271
F1631114,8144367
F1631118,7730814
F1631120,8308191
F1631129,10369432
F1631131,9777261
F1631133,9328512
F1631134,6994027
F1631135,9280405
F1631136,9231024
F1631139,8092242
F1631145,8268192
F1631146,7192600
F1631149,6988116
F1631150,7437685
F1631153,7070202
F1631158,10483017
F1631159,8174357
F1631161,10340536
F1631162,9288602
F1631164,7543473
F1631165,6982644
F1631166,7832730
F1631168,6553574
F1631170,8189001
F1631172,7952629
F1631173,6848909
F1631174,6820509
F1631175,5158360
F1631177,8018938
F1631180,8561977
F1631183,8578218
F1631188,8462713
F1631198,9247251
F1631200,6297372
F1631207,7780234
F1631212,6556551
F1631213,8430829
F1631218,8301802
F1631219,6631004
F1631221,8254002
F1631223,6205992
F1631225,7076349
F1631232,6008781
F1631233,5782121
F1631236,9555502
F1631237,6252248
F1631241,7350630
F1631243,7124113
F1631244,8982852
F1631248,8323154
F1631249,7259927
F1631250,8018343
F1631251,7962641
F1631255,7535444
F1631259,10740810
F1631262,7385951
F1631264,7910015
F1631265,6969811
F1631266,9772571
F1631269,7557615
F1631270,11435771
F1631274,8734544
F1631275,6258421
F1631279,8126481
F1631283,7958010
F1631290,7930271
F1631291,8421302
F1631292,7407689
F1631293,8985461
F1631294,10606989
F1631300,10724305
F1631306,10297755
F1631307,5502153
F1631309,8421495
F1631311,7066489
F1631312,9368726
F1631313,8769376
F1631314,8247330
F1631318,6397199
F1631323,7768123
F1631328,7848154
F1631330,8912019
F1631337,9041284
F1631340,8296075
F1631342,9170045
F1631346,6809658
F1631351,9009217
F1631357,7971187
F1631367,8777612
F1631368,8724588
F1631370,9468160
F1631379,9467357
F1631382,7137729
F1631384,6193369
F1631387,10949935
F1631389,8860216
F1631390,8827905
F1631392,7963051
F1631393,8091280
F1631396,8422138
F1631404,10203471
F1631406,7721675
F1631407,9227130
F1631408,7313768
F1631409,8310910
F1631410,6437680
F1631411,7921573
F1631412,8308486
F1631414,6994865
F1631416,7551759
F1631418,6960624
F1631420,7419866
F1631429,8577367
F1631435,7247973
F1631437,9287938
F1631469,9987829
F1631527,7166593
F1631530,6684722
F1631542,7278351
F1631545,8488129
F1631560,6734252
F1631563,10794060
F1631565,10658072
F1631569,7528388
F1631576,7878422
F1631578,7794303
F1631582,8318042
F1631588,7770910
F1631591,7329273
F1631593,6464904
F1631594,8690916
F1631598,8265372
F1631607,9279667
F1631617,6907635
F1631623,9694163
F1631625,10763751
F1631626,7004227
F1631637,7789689
F1631640,10533840
F1631646,8152166
F1631649,8386243
F1631653,6576427
F1631664,7016086
F1631665,7840682
F1631673,6833593
F1631690,9369607
F1631695,7739166
F1631697,9816565
F1631715,8448850
F1631717,8161106
F1631718,6157375
F1631720,9142676
F1631725,8482736
F1631730,8902485
F1631750,8212261
F1631753,6486951
F1631761,9065213
F1631766,10033210
F1631778,6112514
F1631813,6912615
F1631818,7796564
F1631820,7596802
F1631823,8187317
F1631824,7790455
F1631827,9596318
F1631838,8040009
F1631849,7943659
F1631859,7044902
F1631888,6466829
F1631896,8117516
F1631899,7286718
F1631903,6501035
F1631905,7571161
F1631909,9907397
F1631910,9516631
F1631912,6378221
F1631916,6266871
F1631918,8439293
F1631923,9352281
F1631925,11232382
F1631927,7307987
F1631928,7025569
F1631929,8581535
F1631930,4804489
F1631934,8075594
F1631935,8764492
F1631942,8110131
F1631946,7310762
F1631947,5570592
F1631949,6975267
F1631954,7499977
F1631958,6324502
F1631959,8520109
F1631960,9620682
F1631965,6849934
F1631966,8358343
F1631967,10289389
F1631970,7979178
F1631973,7540243
F1631975,8851671
F1631976,6894559
F1631977,8010225
F1631982,8357510
F1631984,7481306
F1631986,10097707
F1631988,6863932
F1631990,8806556
F1631991,7501127
F1631992,8805400
F1631993,6528330
F1631994,11749590
F1631996,7519281
F1631997,8218404
F1631999,7829483
F1632000,8491072
F1632004,6131453
F1632005,6578542
F1632007,7354121
F1632008,5160969
F1632009,7502514
F1632010,10662702
F1632012,7974488
F1632013,7117706
F1632014,8542579
F1632016,6404198
F1632022,9878184
F1632023,5959482
F1632026,8045987
F1632029,7015900
F1632030,7980123
F1632031,7458080
F1632033,7692099
F1632034,7690474
F1632039,7805365
F1632040,11671200
F1632041,8547622
F1632042,8032629
F1632043,5968950
F1632045,8239432
F1632046,9537439
F1632047,9187999
F1632055,7375635
F1632058,8223863
F1632064,7991825
F1632066,8401526
F1632070,7640331
F1632071,8104693
F1632077,7378250
F1632078,10353040
F1632081,10918162
F1632087,8914741
F1632095,8630165
F1632098,7812409
F1632103,8456832
F1632104,7528015
F1632105,6909611
F1632107,8155185
F1632110,7653507
F1632111,7761383
F1632113,9678849
F1632114,7622215
F1632116,7426244
F1632119,9773189
F1632121,10958569
F1632124,7761231
F1632127,8807505
F1632141,8009205
F1632142,7313833
F1632143,6873059
F1632145,10721527
F1632148,8509734
F1632150,8240701
F1632151,9870102
F1632153,8859300
F1632159,7885872
F1632162,8828890
F1632163,15812703
F1632169,12573815
F1632171,7973106
F1632172,6835833
F1632176,9612761
F1632179,8513084
F1632180,7901316
F1632184,7662037
F1632186,8182289
F1632190,8343067
F1632193,10989254
F1632199,5938014
F1632200,7234297
F1632201,8191668
F1632202,7497795
F1632204,8192619
F1632205,8183847
F1632207,8531356
F1632208,7676222
F1632210,6974853
F1632211,9165043
F1632217,8850158
F1632220,7860215
F1632224,6587422
F1632226,7442465
F1632234,5775628
F1632235,8019695
F1632237,8247155
F1632243,6142179
F1632244,8287883
F1632245,7450817
F1632246,7640312
F1632248,7696256
F1632253,8235706
F1632254,16211760
F1632258,7533066
F1632259,7943480
F1632266,6957465
F1632269,7422730
F1632270,8810728
F1632274,9382888
F1632275,8384632
F1632277,8241808
F1632281,7399733
F1632284,6585768
F1632285,9385254
F1632287,7405381
F1632288,9263424
F1632292,8436828
F1632294,9948201
F1632297,7306719
F1632298,8427307
F1632299,6440046
F1632305,9866595
F1632306,6624907
F1632308,6967179
F1632309,8030191
F1632311,9432143
F1632314,7896153
F1632319,6085021
F1632320,8524908
F1632323,8218177
F1632325,8901483
F1632329,8337382
F1632330,9316059
F1632331,6606289
F1632332,7436848
F1632335,8107308
F1632336,8843652
F1632339,8318970
F1632341,8501686
F1632342,7974089
F1632343,6621272
F1632345,7546884
F1632347,9174366
F1632348,8062670
F1632350,8050098
F1632351,10527409
F1632352,10001711
F1632354,6774238
F1632355,7907816
F1632359,6897563
F1632363,6983159
F1632365,8818607
F1632368,8790204
F1632372,7067381
F1632381,6939526
F1632384,9773894
F1632385,5412671
F1632386,7089834
F1632389,10696538
F1632390,7178846
F1632392,9198891
F1632394,6889989
F1632395,7087327
F1632396,9818268
F1632402,7359020
F1632403,8350663
F1632409,9328819
F1632412,8677571
F1632413,9796899
F1632414,9164748
F1632417,8120641
F1632418,8847389
F1632420,7605211
F1632421,8087180
F1632422,8247594
F1632423,8110006
F1632424,8041665
F1632425,9602026
F1632429,6139530
F1632434,7760178
F1632440,11009598
F1632443,9490699
F1632444,8432266
F1632446,8455151
F1632449,8316869
F1632452,8489556
F1632453,12142294
F1632455,10575594
F1632456,9133210
F1632457,7653676
F1632461,9999823
F1632463,9103748
F1632468,6334440
F1632474,8402326
F1632475,9079800
F1632477,9807104
F1632482,7919498
F1632485,8622028
F1632489,7999771
F1632491,7954941
F1632493,6807351
F1632494,10162743
F1632496,9680354
F1632500,11564605
F1632502,7637251
F1632503,6949098
F1632505,7223435
F1632510,8474066
F1632512,7794386
F1632514,7664030
F1632515,8754133
F1632518,8513254
F1632522,5351568
F1632524,7301142
F1632526,6590034
F1632528,7475443
F1632529,8351242
F1632531,7074680
F1632533,10271873
F1632536,5886715
F1632539,6341386
F1632545,9040581
F1632546,9500713
F1632550,10096785
F1632554,9025305
F1632560,10110994
F1632561,8128032
F1632573,9526251
F1632576,10053335
F1632577,7233838
F1632584,10002068
F1632586,10277070
F1632588,9976834
F1632590,8383334
F1632595,8680615
F1632596,9314845
F1632599,10210886
F1632601,6564179
F1632602,10793499
F1632605,8005404
F1632612,7689321
F1632613,8843983
F1632617,9518819
F1632624,7520793
F1632627,9065809
F1632629,10875884
F1632630,8336746
F1632631,8823142
F1632632,6673922
F1632634,7442691
F1632636,8763742
F1632637,8493675
F1632642,9111977
F1632646,7743164
F1632649,6668568
F1632654,13195034
F1632657,8390419
F1632659,8320363
F1632660,8128470
F1632664,8982691
F1632666,11507045
F1632669,8700797
F1632674,8615415
F1632676,9696856
F1632686,8105449
F1632687,7998855
F1632688,7343771
F1632689,8261757
F1632693,7052382
F1632694,9985475
F1632695,7904130
F1632697,8352708
F1632711,9249428
F1632717,8882972
F1632719,7843282
F1632722,9729075
F1632723,10213945
F1632724,6933310
F1632727,9457330
F1632728,11645337
F1632730,9731343
F1632738,8587905
F1632740,9231059
F1632742,8876977
F1632745,7888326
F1632751,7443581
F1632753,9936070
F1632755,8673508
F1632757,9068581
F1632766,7470505
F1632769,9222727
F1632770,9002717
F1632771,9245609
F1632785,11557779
F1632787,9389957
F1632788,9251483
F1632789,8368930
F1632794,9132884
F1632800,8600156
F1632801,7299933
F1632802,10604019
F1632808,6751440
F1632809,7313483
F1632820,10393008
F1632823,7611466
F1632826,10394177
F1632828,7397270
F1632833,8985244
F1632834,9835961
F1632840,8281291
F1632847,10170679
F1632848,7458215
F1632852,11627077
F1632853,7505227
F1632855,9719129
F1632856,5813197
F1632857,10840767
F1632858,9116504
F1632861,5948821
F1632862,7805728
F1632864,9327122
F1632868,8955199
F1632874,7774933
F1632875,8813222
F1632877,8368147
F1632890,9534883
F1632896,13059912
F1632898,6884770
F1632904,8930578
F1632905,12377075
F1632906,7662887
F1632911,7832745
F1632916,11362600
F1632918,10093016
F1632923,9240760
F1632926,5308181
F1632929,8086684
F1632931,7115916
F1632933,10718019
F1632938,7251609
F1632949,6741816
F1632951,10213623
F1632953,9070136
F1632954,7327846
F1632956,9001328
F1632957,7918851
F1632958,7426480
F1632966,8500674
F1632968,8378488
F1632975,7791727
F1632978,9982060
F1632980,8669379
F1632981,7848262
F1632985,8508351
F1632994,10155981
F1632998,10276919
F1633007,7042455
F1633016,10529919
F1633017,10755059
F1633022,8722767
F1633025,8923158
F1633026,9041076
F1633029,9969970
F1633035,8694716
F1633039,12564141
F1633042,10485870
F1633045,14259319
F1633046,7230607
F1633047,7838238
F1633048,8546059
F1633053,7606333
F1633055,11320511
F1633056,9472806
F1633060,14492535
F1633065,9226170
F1633067,8172633
F1633071,9942394
F1633080,8697527
F1633083,9812739
F1633089,7399890
F1633091,8656835
F1633092,10321701
F1633096,9010497
F1633101,10614336
F1633102,9109484
F1633104,7270797
F1633107,6605790
F1633108,9533439
F1633114,9935636
F1633116,10532897
F1633123,6792198
F1633126,8222919
F1633128,9793801
F1633130,9685617
F1633131,9514131
F1633133,10337921
F1633141,8782668
F1633142,7577393
F1633145,9212068
F1633147,10633062
F1633157,9490066
F1633158,7941361
F1633167,10273925
F1633173,9239037
F1633176,7577317
F1633177,12908974
F1633184,7777427
F1633185,8824641
F1633198,11257936
F1633201,7535256
F1633202,7653057
F1633205,8931275
F1633207,8966166
F1633210,10056669
F1633213,7061438
F1633224,6347645
F1633225,11749624
F1633236,8945871
F1633240,8133925
F1633255,9323264
F1633270,7296473
F1633274,9065200
F1633279,13146955
F1633284,9726762
F1633285,8468534
F1633288,7969715
F1633292,8260895
F1633296,9458772
F1633303,8591246
F1633305,8544340
F1633306,7841785
F1633307,11665602
F1633308,8802320
F1633310,8761297
F1633312,10675879
F1633314,12351947
F1633317,10522194
F1633320,7259380
F1633321,6624382
F1633322,9442461
F1633324,9254327
F1633326,10292829
F1633331,7395235
F1633333,10472505
F1633334,7637268
F1633335,10050945
F1633340,8642606
F1633342,8018165
F1633344,9050399
F1633350,10119608
F1633355,10149267
F1633358,9734704
F1633363,11677415
F1633364,12954518
F1633375,7851295
F1633378,9408005
F1633379,8417652
F1633382,8399711
F1633386,10538652
F1633390,10226835
F1633393,6866662
F1633397,6879291
F1633409,7178390
F1633410,8346316
F1633412,10916888
F1633914,9247599
F1633915,14281517
F1633916,8793504
F1633923,8813363
F1633928,8518291
F1633934,7006643
F1633935,8940073
F1633938,7306427
F1633939,9391260
F1633945,8683805
F1633949,7324750
F1633951,11172922
F1633952,9051446
F1633954,10426912
F1633955,6667896
F1633960,9060928
F1633962,7294760
F1633964,8115781
F1633965,8070250
F1633966,8627839
F1633968,9003549
F1633975,8290388
F1633978,5933423
F1633980,9244394
F1633982,10542846
F1633987,6191960
F1633990,10011298
F1633994,7697557
F1633996,8715238
F1633997,7942785
F1634000,6028713
F1634001,7398983
F1634008,7678359
F1634010,8160277
F1634012,7406549
F1634013,7367097
F1634015,7685084
F1634017,9346632
F1634018,12013860
F1634020,10368590
F1634022,6184862
F1634023,7964158
F1634027,7023396
F1634030,9100450
F1634031,6662126
F1634032,7913365
F1634034,9773986
F1634037,9864077
F1634039,8812940
F1634041,8440926
F1634042,7898676
F1634043,7774327
F1634044,7702661
F1634046,8921924
F1634047,12723586
F1634048,7583750
F1634058,9459274
F1634059,10019785
F1634060,8236934
F1634062,10025132
F1634066,8270869
F1634067,8426104
F1634070,7223165
F1634077,9043788
F1634080,8183280
F1634081,8188255
F1634082,13272192
F1634084,10037152
F1634089,7005313
F1634091,7514608
F1634093,8645175
F1634095,11558742
F1634096,9030970
F1634097,9072127
F1634099,8498941
F1634104,8028880
F1634108,7342260
F1634110,9348299
F1634117,9257583
F1634119,9456420
F1634120,11022169
F1634121,10635128
F1634123,7274956
F1634125,7114093
F1634130,9308227
F1634134,8758094
F1634135,8564183
F1634143,8196995
F1634144,6267346
F1634146,7564079
F1634147,7098588
F1634151,7137460
F1634154,7196924
F1634155,10663393
F1634157,10443035
F1634158,7734774
F1634159,9377664
F1634160,6987993
F1634163,8373356
F1634164,12496086
F1634165,8530938
F1634167,8083534
F1634168,7729415
F1634170,7311031
F1634174,7687998
F1634175,7270930
F1634177,10648637
F1634179,6599366
F1634180,7780958
F1634183,8974900
F1634184,8659505
F1634185,7964961
F1634190,9417731
F1634191,8445781
F1634195,6368727
F1634198,5309403
F1634201,11237703
F1634202,8779321
F1634204,7623355
F1634205,11747550
F1634214,6929085
F1634215,8363697
F1634216,7585164
F1634217,13898030
F1634220,8205147
F1634221,7818724
F1634227,8404943
F1634230,8998577
F1634234,8130015
F1634235,6976329
F1634237,8583828
F1634240,7849821
F1634241,7895125
F1634242,9118103
F1634246,7407710
F1634247,8739564
F1634248,9501674
F1634251,6779033
F1634255,7094354
F1634256,5636832
F1634258,12079816
F1634261,14947081
F1634263,10336117
F1634264,10957480
F1634266,7001121
F1634276,9701713
F1634280,7872117
F1634283,8100926
F1634287,7434015
F1634289,8271620
F1634293,10423231
F1634294,7389545
F1634305,7942513
F1634306,7430981
F1634307,11968731
F1634318,11119097
F1634319,5929960
F1634320,8125673
F1634322,7070535
F1634323,7897271
F1634324,10722719
F1634329,7719230
F1634330,6678341
F1634335,7529937
F1634342,10958940
F1634343,6122794
F1634344,7713686
F1634346,8585554
F1634349,8353169
F1634350,8158960
F1634352,7748711
F1634353,6388724
F1634354,6251412
F1634357,9055730
F1634358,7721595
F1634360,10634784
F1634364,7564092
F1634368,9260238
F1634369,6562842
F1634373,6915627
F1634377,7731739
F1634379,8385703
F1634383,8084510
F1634388,8742156
F1634389,8445647
F1634391,9244161
F1634393,9421337
F1634395,6865521
F1634400,9666438
F1634402,8552725
F1634405,8123419
F1634406,7133007
F1634410,7106917
F1634411,8111437
F1634413,10446355
F1634415,8824215
F1634421,7160776
F1634435,7540437
F1634438,9713836
F1634440,8322845
F1634441,7485887
F1634442,9732613
F1634449,8398755
F1634450,8438748
F1634454,9198498
F1634455,9472588
F1634459,9573364
F1634465,9498257
F1634466,7134990
F1634468,8455416
F1634471,8221485
F1634474,7505824
F1634476,8015561
F1634477,8347004
F1634485,6078950
F1634488,7685373
F1634489,7514350
F1634492,7817183
F1634495,9967823
F1634498,8325837
F1634501,7040151
F1634506,10704257
F1634507,9468341
F1634509,10029029
F1634513,8938601
F1634517,9995610
F1634518,8132044
F1634520,6131810
F1634522,6500138
F1634524,9211629
F1634525,8970889
F1634542,10538439
F1634544,8402708
F1634545,6227083
F1634547,8414756
F1634549,9651922
F1634560,7216839
F1634565,8099695
F1634566,8813481
F1634575,7026218
F1634580,9374593
F1634582,7757254
F1634583,8519841
F1634591,7651203
F1634594,8955978
F1634606,7679331
F1634607,7811533
F1634611,7019101
F1634613,7229676
F1634621,8251046
F1634624,8500361
F1634626,12071145
F1634629,6754064
F1634631,9445797
F1634638,8763710
F1634641,6954920
F1634644,8269976
F1634650,8538532
F1634659,8735034
F1634677,10687137
F1634678,7239276
F1634710,7897531
F1634717,10396894
F1634720,8772615
F1634724,7490604
F1634725,6133214
F1634727,6531035
F1634730,17767265
F1634734,10220929
F1634738,7693295
F1634740,10587540
F1634743,8432540
F1634744,7847156
F1634748,9815242
F1634758,7266218
F1634762,9955251
F1634763,8206502
F1634770,10518102
F1634774,8091868
F1634775,10563139
F1634776,9874521
F1634777,5965039
F1634778,9349322
F1634780,10022224
F1634786,9471054
F1634789,9318783
F1634798,8251015
F1634803,8299235
F1634809,8225442
F1634816,8839341
F1634824,7720182
F1634825,8251003
F1634828,7262877
F1634830,12601509
F1634831,8283844
F1634835,7223476
F1634837,7422019
F1634858,8347461
F1634915,10944538
F1634916,8727927
F1634920,8752758
F1634921,10384295
F1634924,8105138
F1634926,9943840
F1634927,9074134
F1634930,8265829
F1634934,9575859
F1634935,6976853
F1634936,8838593
F1634938,7030881
F1634941,8811072
F1634942,8612654
F1634943,7661557
F1634945,8161897
F1634955,5612374
F1634963,9016951
F1634970,9349418
F1634974,7707967
F1634975,7942385
F1634985,11484575
F1634987,8412484
F1634993,7141524
F1634994,8979311
F1634995,10088563
F1635000,8939256
F1635002,6430666
F1635004,7979931
F1635005,8015030
F1635006,8799075
F1635008,10547771
F1635010,7741470
F1635012,11034000
F1635013,11370697
F1635018,11060821
F1635019,8549711
F1635020,6912450
F1635024,13640708
F1635027,8952775
F1635031,8381994
F1635034,8273718
F1635035,10635341
F1635039,8329918
F1635041,12791546
F1635042,9107808
F1635044,8095820
F1635046,8265922
F1635047,8738346
F1635048,10249414
F1635049,6941723
F1635050,7823483
F1635053,9512187
F1635055,7334303
F1635063,9205195
F1635066,8971256
F1635067,8663947
F1635069,11224552
F1635081,8871435
F1635084,9642190
F1635086,11064245
F1635102,8137368
F1635104,7279449
F1635107,7549156
F1635108,5645772
F1635109,6954552
F1635111,11410480
F1635114,9704087
F1635118,12256431
F1635121,12385709
F1635126,7219835
F1635127,5915010
F1635133,8401791
F1635135,8129513
F1635140,8404208
F1635141,7705990
F1635144,8040138
F1635146,8780883
F1635149,9295010
F1635151,8407205
F1635153,7950040
F1635154,8879188
F1635158,9190135
F1635162,12135855
F1635163,9329702
F1635165,6355331
F1635167,7853611
F1635169,9156968
F1635170,8093822
F1635171,7889197
F1635173,9215775
F1635174,10908978
F1635179,8644055
F1635180,9575144
F1635183,9355736
F1635184,7629710
F1635196,12358983
F1635207,7415160
F1635210,7989538
F1635213,12667967
F1635214,10063334
F1635216,9451709
F1635217,12172964
F1635219,10246052
F1635221,10002081
F1635222,7960517
F1635227,9629399
F1635229,9267635
F1635232,8014354
F1635234,8982454
F1635235,7775053
F1635236,8179533
F1635242,9109291
F1635245,7327231
F1635246,9097161
F1635247,7805617
F1635248,10828745
F1635252,7821999
F1635253,8068673
F1635254,9644662
F1635255,5995135
F1635256,8541309
F1635257,7180760
F1635259,7999253
F1635260,6645018
F1635261,7400753
F1635263,6701599
F1635265,10203507
F1635268,9169059
F1635273,9580909
F1635274,8505576
F1635275,11568349
F1635279,9256615
F1635289,7302619
F1635296,9428267
F1635300,9774700
F1635305,10245710
F1635307,10171376
F1635310,8855175
F1635311,11630222
F1635312,9748409
F1635316,8565285
F1635317,9644889
F1635319,7416642
F1635320,9453299
F1635334,8435347
F1635336,8060891
F1635341,8221828
F1635343,7221766
F1635346,9285229
F1635347,6597242
F1635348,9973603
F1635349,8280490
F1635351,7633287
F1635355,9856204
F1635356,10262786
F1635358,8000013
F1635359,6508575
F1635360,8161940
F1635361,10350655
F1635367,8514301
F1635374,9105365
F1635376,11178056
F1635378,9973265
F1635380,7759823
F1635382,10714068
F1635389,11395295
F1635391,8612054
F1635392,8534259
F1635394,9068003
F1635397,9088161
F1635398,12170954
F1635399,7763927
F1635400,10346020
F1635403,8728150
F1635406,8858743
F1635408,8790179
F1635420,7216276
F1635421,7529847
F1635425,8653337
F1635428,7916031
F1635438,7846210
F1635439,9806820
F1635440,6739718
F1635449,5436444
F1635451,7529972
F1635453,9143258
F1635455,6786591
F1635456,8842650
F1635463,6807911
F1635464,6663663
F1635474,8646549
F1635475,9283306
F1635476,8636738
F1635479,7353480
F1635480,7631987
F1635481,9005737
F1635484,8376248
F1635487,7332358
F1635489,7380203
F1635494,8305843
F1635496,11150528
F1635500,8632226
F1635501,6518220
F1635502,9821179
F1635505,10352350
F1635506,7156600
F1635508,7554174
F1635514,8841878
F1635518,8233863
F1635522,7840737
F1635525,7711227
F1635526,7483916
F1635527,7124588
F1635532,7517024
F1635533,6967646
F1635534,7672765
F1635535,9286692
F1635538,9489390
F1635540,10306663
F1635542,10197212
F1635544,9526187
F1635545,8431786
F1635548,8702291
F1635550,7626968
F1635551,8805164
F1635552,10896884
F1635553,7020765
F1635554,8982495
F1635555,7471043
F1635556,7624712
F1635557,8049886
F1635558,7471415
F1635559,9398921
F1635563,11247380
F1635565,9157245
F1635566,7509314
F1635569,7957048
F1635571,5698479
F1635572,7098225
F1635575,9966016
F1635576,6609902
F1635580,8022140
F1635584,7279730
F1635586,7420773
F1635588,7249560
F1635589,5429905
F1635591,6650742
F1635595,9320082
F1635596,8007015
F1635603,8758612
F1635604,8165197
F1635605,7561612
F1635606,5244904
F1635608,8810142
F1635613,7250771
F1635615,7499864
F1635616,8562742
F1635617,9173160
F1635619,8212363
F1635622,8435835
F1635626,6386953
F1635633,7385513
F1635635,8375398
F1635643,6772740
F1635644,8041867
F1635645,8843013
F1635647,8600168
F1635648,6967174
F1635649,8439727
F1635655,8251224
F1635661,7125791
F1635662,8859745
F1635663,7865587
F1635665,7922877
F1635666,6401425
F1635670,8227271
F1635674,9411621
F1635676,9628171
F1635677,7254467
F1635679,7216995
F1635681,7154848
F1635682,9848451
F1635688,5995235
F1635689,7691410
F1635690,7163514
F1635693,9106090
F1635694,8435976
F1635695,10752568
F1635696,9550235
F1635697,8443768
F1635699,8203106
F1635702,8811260
F1635703,9777553
F1635707,9047889
F1635711,4942231
F1635712,7267109
F1635713,7843225
F1635714,6774101
F1635715,11005730
F1635719,10193642
F1635722,7352825
F1635723,9116007
F1635726,7555994
F1635729,12826791
F1635730,7957001
F1635731,7866639
F1635732,7839717
F1635735,7386620
F1635739,8659143
F1635740,7209120
F1635742,8293143
F1635749,8172863
F1635756,8659891
F1635759,8821196
F1635763,6315723
F1635765,8205272
F1635768,6350764
F1635770,7976278
F1635773,8902342
F1635775,7835423
F1635777,8210811
F1635780,7058156
F1635781,7913423
F1635783,7996272
F1635786,8584842
F1635788,7562875
F1635791,5664891
F1635796,7458938
F1635799,7674402
F1635800,7562868
F1635802,7657702
F1635803,7251892
F1635807,5642553
F1635809,7232131
F1635812,6826982
F1635814,7664345
F1635815,7082091
F1635816,7377942
F1635817,9796685
F1635822,8353712
F1635823,7790652
F1635824,8336536
F1635828,7810035
F1635829,8422507
F1635835,6673632
F1635839,7317081
F1635841,8226355
F1635843,7846448
F1635844,7842730
F1635847,7605157
F1635858,7445089
F1635859,6618956
F1635860,7270279
F1635861,7884622
F1635867,6458415
F1635868,8995333
F1635870,10448719
F1635873,8404038
F1635878,13295835
F1635880,8146073
F1635884,6657715
F1635885,6410653
F1635886,6496430
F1635888,8561348
F1635892,6541561
F1635895,10874762
F1635901,8921651
F1635904,6866537
F1635906,9208789
F1635909,8551695
F1635914,6221824
F1635915,8599123
F1635918,10980348
F1635919,6080377
F1635921,8438968
F1635925,6426742
F1635929,8247581
F1635934,11278928
F1635938,9010931
F1635940,9402671
F1635941,9097223
F1635942,11495697
F1635945,7257902
F1635946,6131939
F1635947,8417064
F1635948,7527453
F1635952,6299735
F1635957,7961288
F1635958,6601854
F1635960,7057396
F1635965,7458328
F1635972,10021776
F1635974,9002472
F1635976,9969158
F1635979,6605093
F1635980,7555955
F1635982,8049058
F1635983,6825879
F1635986,7384124
F1635988,8960680
F1635991,7044088
F1636000,8088709
F1636002,8257535
F1636006,9062863
F1636008,11218723
F1636010,8426933
F1636014,6294587
F1636018,8631621
F1636019,9104644
F1636020,9130298
F1636021,8363016
F1636022,8355403
F1636023,9188882
F1636024,6317739
F1636026,7113796
F1636027,7479650
F1636028,8073535
F1636035,7650505
F1636039,9103800
F1636040,8287186
F1636043,7360761
F1636044,10198096
F1636046,6792366
F1636047,5689969
F1636052,9748283
F1636056,7857050
F1636058,9831613
F1636063,9463948
F1636064,8680255
F1636067,8057368
F1636068,7260441
F1636073,7701918
F1636074,10353700
F1636079,7661733
F1636080,7616127
F1636081,7509461
F1636082,7180902
F1636087,9054015
F1636091,8079977
F1636092,7932681
F1636098,6986136
F1636101,6731216
F1636103,8033590
F1636105,9016768
F1636109,6333644
F1636110,7723759
F1636113,6267877
F1636118,8562226
F1636119,7912664
F1636122,7616249
F1636124,7940917
F1636132,7333396
F1636133,8769991
F1636134,7310154
F1636136,10268192
F1636138,8160471
F1636141,8643880
F1636143,6620378
F1636144,8544727
F1636146,9242912
F1636147,7462997
F1636152,8498203
F1636156,8468211
F1636162,7647329
F1636164,7373067
F1636171,7003414
F1636172,6750097
F1636175,7437116
F1636178,16816743
F1636181,6577183
F1636182,6602013
F1636183,7236436
F1636184,8878943
F1636185,7980081
F1636186,10321086
F1636188,7829502
F1636190,7701663
F1636196,8481843
F1636198,7553684
F1636199,8663497
F1636200,7775375
F1636203,7038949
F1636204,8786313
F1636206,6305181
F1636212,9611805
F1636214,7588810
F1636216,8331448
F1636219,7857808
F1636221,8358344
F1636222,7504640
F1636223,6593907
F1636226,6823789
F1636228,7052384
F1636229,6654291
F1636230,9106614
F1636231,7241060
F1636232,6291559
F1636233,8775017
F1636235,10096805
F1636237,7862797
F1636238,9417509
F1636242,7331167
F1636243,6369299
F1636245,7458919
F1636248,5932421
F1636254,7195506
F1636255,8801399
F1636256,8209158
F1636257,9834247
F1636259,6648442
F1636261,7533137
F1636262,6821812
F1636268,4705887
F1636270,8479212
F1636272,8823783
F1636273,6034509
F1636276,7580298
F1636278,6445888
F1636281,7511524
F1636283,8548336
F1636284,11758263
F1636285,7365435
F1636287,7165709
F1636288,6477113
F1636290,8221713
F1636295,9056163
F1636298,7511784
F1636299,7665505
F1636307,7309001
F1636311,7127194
F1636312,6711006
F1636313,7467747
F1636314,7889264
F1636315,7431049
F1636321,5956919
F1636322,8308643
F1636324,8590757
F1636325,7697372
F1636327,9868981
F1636328,6003691
F1636333,9486026
F1636337,7644671
F1636338,6122790
F1636341,7111334
F1636343,7153045
F1636346,7220089
F1636347,6354365
F1636350,11171878
F1636352,7752541
F1636354,7412629
F1636356,7155836
F1636361,6141197
F1636363,7471653
F1636365,7397399
F1636367,8121114
F1636368,6850938
F1636369,5730685
F1636370,7374835
F1636373,10305823
F1636375,7619959
F1636378,2605930
F1636383,8082257
F1636384,6385901
F1636388,6162950
F1636390,7160832
F1636391,7540450
F1636393,7947787
F1636394,7611476
F1636396,7962757
F1636399,8566010
F1636401,8109387
F1636403,9087162
F1636404,7593457
F1636409,6938699
F1636414,6936260
F1636417,6033959
F1636425,9557984
F1636427,8018985
F1636428,7601108
F1636429,9299466
F1636431,8311998
F1636433,7700769
F1636435,8169104
F1636437,7814298
F1636439,6192687
F1636440,9147288
F1636441,5828734
F1636448,6707450
F1636449,7840843
F1636453,7222764
F1636457,5445825
F1636461,8870101
F1636465,10246975
F1636466,8108715
F1636475,8351862
F1636476,7895028
F1636481,7471569
F1636483,7660848
F1636486,6609435
F1636488,7623272
F1636489,7077977
F1636492,9284489
F1636493,8174428
F1636495,8308530
F1636496,8349657
F1636497,6976983
F1636502,7588104
F1636506,7397491
F1636509,7848295
F1636511,6728290
F1636515,7797395
F1636517,6791897
F1636520,8258126
F1636524,7159177
F1636527,7417251
F1636529,8488489
F1636530,6627395
F1636533,8744332
F1636539,7850730
F1636540,9619591
F1636541,8795226
F1636542,8851218
F1636543,8142978
F1636544,9282996
F1636545,9021457
F1636546,7992446
F1636547,7664625
F1636555,8535231
F1636557,7419125
F1636560,8600487
F1636563,8348095
F1636566,7643259
F1636570,7618389
F1636573,7074954
F1636575,7899052
F1636578,8194998
F1636579,5446449
F1636581,9783372
F1636584,7859584
F1636585,8614052
F1636589,9745759
F1636590,7185716
F1636592,7417395
F1636594,8260381
F1636597,7357008
F1636600,8607178
F1636604,8130472
F1636606,7532113
F1636607,8613489
F1636609,10599140
F1636610,8862911
F1636611,6306170
F1636613,8664483
F1636614,8147934
F1636616,5845895
F1636617,8298186
F1636618,8805864
F1636619,7202089
F1636623,8902698
F1636626,8044925
F1636629,7385936
F1636633,9488022
F1636634,8790974
F1636635,6931483
F1636639,7507107
F1636642,10745654
F1636647,8831391
F1636648,7358657
F1636654,7810050
F1636658,7131133
F1636662,6841969
F1636663,8243901
F1636667,7542111
F1636670,9577158
F1636672,7635794
F1636675,6514196
F1636676,7976809
F1636678,7645631
F1636683,6387011
F1636684,8758970
F1636687,7092388
F1636693,9520471
F1636694,7619072
F1636699,8434648
F1636702,6417844
F1636708,8760240
F1636709,7839814
F1636710,6863426
F1636711,7462100
F1636712,8694385
F1636714,8243463
F1636719,8826883
F1636720,8141866
F1636727,9474964
F1636732,7283655
F1636733,9979455
F1636736,9414649
F1636740,9672309
F1636742,7518833
F1636744,6856549
F1636749,8956830
F1636752,7971972
F1636753,8997158
F1636755,8110371
F1636757,8181987
F1636761,9452671
F1636762,9074649
F1636764,7114824
F1636765,7606475
F1636768,8606909
F1636770,7395716
F1636773,7410899
F1636775,8211102
F1636776,9206639
F1636777,7941647
F1636780,8129924
F1636789,6881982
F1636796,11401913
F1636797,7514619
F1636799,9851423
F1636800,6429621
F1636801,9879480
F1636808,6084582
F1636812,7214762
F1636813,7325196
F1636818,7543848
F1636825,6723373
F1636828,8696146
F1636829,10002031
F1636833,8307993
F1636835,9002002
F1636836,7449889
F1636837,7649975
F1636844,7967989
F1636845,8732587
F1636848,10297767
F1636851,7381500
F1636854,8030877
F1636858,6990796
F1636861,5512857
F1636862,7665442
F1636866,7782824
F1636868,10962359
F1636869,7467357
F1636880,9457276
F1636881,8885787
F1636883,6176310
F1636886,8084216
F1636888,8667437
F1636889,8498955
F1636890,8326051
F1636891,8223813
F1636893,7090154
F1636894,7751148
F1636898,8129860
F1636901,6959325
F1636906,10373371
F1636911,6923990
F1636915,8078665
F1636916,8205947
F1636920,6581170
F1636925,8457346
F1636931,8357119
F1636933,7313345
F1636935,10205859
F1636937,6948206
F1636939,9550374
F1636940,9081045
F1636946,8380982
F1636950,8705121
F1636951,6446600
F1636957,7217589
F1636958,7502883
F1636959,8451595
F1636960,7819214
F1636961,8007926
F1636963,6790760
F1636966,8907473
F1636969,5481561
F1636970,7024766
F1636972,12268948
F1636975,7597006
F1636976,7944710
F1636979,6441836
F1636980,8758018
F1636983,10217383
F1636987,6951963
F1636991,7779731
F1637003,8021430
F1637004,7605542
F1637008,7658422
F1637009,9271974
F1637011,7426532
F1637012,5373082
F1637014,9409757
F1637015,6745729
F1637016,9813982
F1637017,8173722
F1637018,8565439
F1637021,6318946
F1637026,7574676
F1637028,8304208
F1637032,7541409
F1637035,7468741
F1637041,9291998
F1637049,8461648
F1637050,8057387
F1637051,6257526
F1637054,8567562
F1637055,8964655
F1637056,8340218
F1637057,7794095
F1637064,7627510
F1637065,7047710
F1637068,6825678
F1637069,7373384
F1637070,8668019
F1637076,6915817
F1637078,6294777
F1637079,7634263
F1637080,7138277
F1637081,7990560
F1637093,7927620
F1637094,7514426
F1637096,8313137
F1637099,7113472
F1637101,8157132
F1637103,10678085
F1637106,6495122
F1637109,9439631
F1637112,8211480
F1637114,7921691
F1637115,4920990
F1637117,5524985
F1637118,6981626
F1637120,7581779
F1637121,6767870
F1637122,3775248
F1637127,6634004
F1637128,6716942
F1637130,6706026
F1637132,8257870
F1637135,6763900
F1637136,9459325
F1637138,8261086
F1637139,6641246
F1637144,8035173
F1637146,9153266
F1637147,7413167
F1637151,7523558
F1637157,6274301
F1637160,6901519
F1637163,8043387
F1637173,6609683
F1637175,7155490
F1637176,7608605
F1637177,6842183
F1637178,10994592
F1637179,8392071
F1637180,7306980
F1637182,7638065
F1637188,6972938
F1637192,6425197
F1637195,7080650
F1637196,6862750
F1637198,7438834
F1637199,7254276
F1637203,8504206
F1637205,6303902
F1637206,8697457
F1637209,7342056
F1637210,8760683
F1637212,6302004
F1637220,6989255
F1637221,8270729
F1637223,6954212
F1637232,10401735
F1637233,6323307
F1637236,6219633
F1637241,7385629
F1637242,7947675
F1637244,6811876
F1637246,6326787
F1637248,7399177
F1637249,10435047
F1637255,13312765
F1637260,7695279
F1637261,6823308
F1637264,6833968
F1637266,6963024
F1637267,6246252
F1637268,9527043
F1637270,6799946
F1637271,7855472
F1637275,8157122
F1637281,7463915
F1637282,9198088
F1637283,8092006
F1637284,9469646
F1637286,7502767
F1637287,8182929
F1637292,6666191
F1637293,7474387
F1637294,7954392
F1637295,9353483
F1637297,7323959
F1637299,7129928
F1637301,4395663
F1637305,11797027
F1637308,7838657
F1637311,8170911
F1637312,6141918
F1637314,8001304
F1637318,10950525
F1637320,6393311
F1637323,6154305
F1637327,6122406
F1637328,10313682
F1637329,7455647
F1637331,7005067
F1637332,7982249
F1637334,8479441
F1637335,8091514
F1637336,7694885
F1637337,10171743
F1637338,7614965
F1637342,9693943
F1637345,10170276
F1637347,7454360
F1637351,8340201
F1637352,7360132
F1637354,6588450
F1637357,8061799
F1637360,8757487
F1637361,7800712
F1637363,8906430
F1637368,12148092
F1637373,7691356
F1637374,8017169
F1637379,8844137
F1637382,8169203
F1637383,7133323
F1637387,11905061
F1637388,7500899
F1637394,6208506
F1637398,7571867
F1637400,8376219
F1637406,7945917
F1637410,10575813
F1637417,7273891
F1637419,9291866
F1637421,9552831
F1637428,8903512
F1637431,8138223
F1637433,7168274
F1637437,8444583
F1637442,8844592
F1637444,9577279
F1637445,7992746
F1637447,6578841
F1637452,9085664
F1637463,5393328
F1637465,7551082
F1637466,10635893
F1637473,7718661
F1637474,10644238
F1637475,11766159
F1637477,8228775
F1637478,10026113
F1637479,10429346
F1637481,12144182
F1637484,8930102
F1637485,9422005
F1637491,11930087
F1637492,7785208
F1637493,8319420
F1637495,8114037
F1637505,7327806
F1637506,8298260
F1637510,8536612
F1637514,9587443
F1637518,10547733
F1637530,7584896
F1637546,8682736
F1637547,8660132
F1637551,13079480
F1637556,5921206
F1637558,11967777
F1637560,7697202
F1637562,4517600
F1637564,11084226
F1637570,8798339
F1637580,9901356
F1637583,8876196
F1637588,6362583
F1637589,7762985
F1637591,9250643
F1637592,3184785
F1637595,13081523
F1637596,8531684
F1637608,9433597
F1637611,5615077
F1637615,7880187
F1637620,8295717
F1637621,8337534
F1637623,9486424
F1637632,8414902
F1637633,9241918
F1637635,10286145
F1637636,10540824
F1637640,8447703
F1637642,7061741
F1637648,8240994
F1637652,6874966
F1637654,7010126
F1637657,10379010
F1637664,10290440
F1637670,12173125
F1637671,8527505
F1637673,7615975
F1637675,12120441
F1637679,8823077
F1637681,6578127
F1637683,9438872
F1637684,9498831
F1637693,8327017
F1637694,9325374
F1637699,11938301
F1637704,7378434
F1637706,10829122
F1637708,8474034
F1637715,9667864
F1637724,7025979
F1637733,9342253
F1637741,7757787
F1637750,10846322
F1637752,6959125
F1637755,7591901
F1637758,10730838
F1637763,9698061
F1637765,6929719
F1637766,9491222
F1637771,6439500
F1637778,8553466
F1637782,8795109
F1637783,7600647
F1637787,7890334
F1637792,7275542
F1637793,9942400
F1637796,8208675
F1637806,8431461
F1637812,7829663
F1637819,8027668
F1637828,10867339
F1637832,7291119
F1637834,8475503
F1637835,8441734
F1637836,7726528
F1637837,8856053
F1637838,7528943
F1637839,7444606
F1637842,8208222
F1637851,11240710
F1637853,10809763
F1637856,7478090
F1637860,8413991
F1637861,10803205
F1637865,8268941
F1637868,9020894
F1637870,9387188
F1637872,8993133
F1637881,9685552
F1637893,10909618
F1637894,8694734
F1637896,7725824
F1637897,6733857
F1637901,8333257
F1637902,8370631
F1637903,9369787
F1637910,8757918
F1637911,8944211
F1637913,9421300
F1637915,9669255
F1637918,9554614
F1637922,9368923
F1637923,13060913
F1637924,8069010
F1637927,6626225
F1637928,9907558
F1637932,10319729
F1637933,8083674
F1637935,8069322
F1637938,7790378
F1637940,9555092
F1637944,8519829
F1637945,6620912
F1637946,7524399
F1637952,8484979
F1637959,7522915
F1637963,6897974
F1637965,7353804
F1637968,8812535
F1637978,7411751
F1637979,7839726
F1637985,9339730
F1637986,10749035
F1637990,9921570
F1637995,9441158
F1637997,9419298
F1638000,9103925
F1638001,8142484
F1638006,12117038
F1638007,8536365
F1638016,7097121
F1638023,7936896
F1638028,6863603
F1638031,8087004
F1638032,8247246
F1638033,8147339
F1638034,6311794
F1638035,13087488
F1638042,7987402
F1638043,9307089
F1638044,10124786
F1638045,10336348
F1638051,9867036
F1638058,7406531
F1638060,9326311
F1638061,9309341
F1638063,8182979
F1638064,7775025
F1638067,7230317
F1638072,7947636
F1638073,10583162
F1638074,8366607
F1638081,9076568
F1638082,9904852
F1638084,8060606
F1638087,11280457
F1638094,9129781
F1638097,10052576
F1638099,9635521
F1638100,10340438
F1638103,9673818
F1638104,8014247
F1638105,9921499
F1638107,7529596
F1638113,9395096
F1638114,8665438
F1638115,8995576
F1638117,10160702
F1638118,5646351
F1638120,8832213
F1638124,8936863
F1638126,8535140
F1638127,10483466
F1638136,10200782
F1638137,8589577
F1638138,8664279
F1638140,8758388
F1638141,9332825
F1638143,11582775
F1638144,7906019
F1638146,11208227
F1638148,7304750
F1638152,8212176
F1638155,6344349
F1638156,6644549
F1638157,10398599
F1638159,9288375
F1638160,10276790
F1638162,9182763
F1638165,9990312
F1638167,9630023
F1638168,9731588
F1638170,6265719
F1638171,6836449
F1638173,8523651
F1638175,8713611
F1638180,7221672
F1638189,9476712
F1638191,11917352
F1638195,7413881
F1638196,9242917
F1638197,10611180
F1638201,7796264
F1638202,12978919
F1638204,6988624
F1638205,6698372
F1638206,8293361
F1638207,5685930
F1638211,8029347
F1638224,8333417
F1638228,9241191
F1638229,8269742
F1638235,8358336
F1638236,6762569
F1638239,6078721
F1638244,9330226
F1638245,9995669
F1638250,8979523
F1638252,6815116
F1638254,7101697
F1638256,8933609
F1638258,6606584
F1638269,7883466
F1638272,5806599
F1638273,7243431
F1638279,11500318
F1638280,8277110
F1638284,8122481
F1638285,8998883
F1638290,7775400
F1638296,6597349
F1638299,8426459
F1638305,7596252
F1638308,8926161
F1638309,7976809
F1638310,7696226
F1638311,7448255
F1638312,8993769
F1638316,7368938
F1638323,10479056
F1638324,9113935
F1638329,6937053
F1638331,11845919
F1638333,9632606
F1638335,9155539
F1638337,9805562
F1638340,7586076
F1638342,9183809
F1638347,10944548
F1638350,7542015
F1638355,9026299
F1638359,8463745
F1638363,9799347
F1638364,5580997
F1638371,10459243
F1638376,8442061
F1638383,5694079
F1638388,10777303
F1638389,7724983
F1638390,8360099
F1638392,10558960
F1638393,8202570
F1638398,8335882
F1638401,8933138
F1638405,9263014
F1638406,8748957
F1638412,12110873
F1638413,10985653
F1638417,7657103
F1638422,7161739
F1638423,10888546
F1638425,7810934
F1638426,8566289
F1638427,6490131
F1638429,9333035
F1638430,8343733
F1638431,8677390
F1638432,5725647
F1638434,9711311
F1638437,5970208
F1638441,7494409
F1638444,5475600
F1638446,6969497
F1638449,6832968
F1638450,6774848
F1638452,6850547
F1638454,7918825
F1638455,8247305
F1638456,7998929
F1638457,14073870
F1638459,7293387
F1638464,6264112
F1638465,7193316
F1638467,8983335
F1638469,8314315
F1638470,8116843
F1638471,6602164
F1638472,9299858
F1638474,8057805
F1638476,6357802
F1638486,7885829
F1638492,7383833
F1638495,8760406
F1638497,10431974
F1638503,7063838
F1638505,7636552
F1638506,5732054
F1638510,7488015
F1638512,7965340
F1638513,6939052
F1638514,8904519
F1638518,8419379
F1638522,8425071
F1638531,7272974
F1638532,8141390
F1638533,7544929
F1638535,8904223
F1638540,10222941
F1638542,7608871
F1638546,5856532
F1638548,6576183
F1638552,8145449
F1638555,6331952
F1638560,10549532
F1638562,6528670
F1638563,6561357
F1638566,8270964
F1638570,7122223
F1638571,7056150
F1638575,10295645
F1638577,8470450
F1638578,8051698
F1638579,7348345
F1638581,6428969
F1638582,7829620
F1638583,8323403
F1638585,7466387
F1638586,6867750
F1638588,9203251
F1638589,6973640
F1638591,7505847
F1638594,5011092
F1638595,8891673
F1638600,8109999
F1638602,7841446
F1638607,7947673
F1638610,6798653
F1638613,11828499
F1638614,8120046
F1638621,10336215
F1638623,8429432
F1638626,9915470
F1638627,7167853
F1638629,7938202
F1638631,9104144
F1638632,7804555
F1638633,7880099
F1638635,7700295
F1638636,7348402
F1638640,5641639
F1638642,5972283
F1638644,8880713
F1638649,8939139
F1638656,10287991
F1638657,6614103
F1638659,6373908
F1638661,8919495
F1638665,7260522
F1638667,8350429
F1638668,7321353
F1638669,6402341
F1638672,7827417
F1638673,9370459
F1638674,8365359
F1638677,7193705
F1638679,7814313
F1638680,7511432
F1638684,6496096
F1638685,10506423
F1638694,8902869
F1638697,7774657
F1638700,8426740
F1638701,8679780
F1638705,8833730
F1638707,8290836
F1638710,7294705
F1638717,7241187
F1638719,8312216
F1638720,7752089
F1638722,6653249
F1638726,6573501
F1638727,8936734
F1638728,6138963
F1638729,7698678
F1638730,8588532
F1638737,7349649
F1638743,7963726
F1638750,7024243
F1638751,12049224
F1638755,7440597
F1638756,7629636
F1638759,10477673
F1638761,7134439
F1638766,6580677
F1638768,7305588
F1638772,7634117
F1638777,6330627
F1638778,9958599
F1638779,8083203
F1638780,9769047
F1638784,10016152
F1638785,7709009
F1638786,6100951
F1638789,7289741
F1638791,7195000
F1638797,7711348
F1638801,10030233
F1638802,9473374
F1638804,7519846
F1638807,7718152
F1638809,8621761
F1638815,7047103
F1638816,6811143
F1638819,8895036
F1638824,8805937
F1638825,10504479
F1638828,6693377
F1638832,8095650
F1638833,10599735
F1638834,6546497
F1638836,7055447
F1638838,5619286
F1638839,9827595
F1638842,9077834
F1638847,8537054
F1638849,7888200
F1638850,8295269
F1638852,7554965
F1638853,7637171
F1638854,6515316
F1638855,9313032
F1638858,7872150
F1638859,5813211
F1638861,7605609
F1638862,7670425
F1638865,7158907
F1638866,7363493
F1638872,7847812
F1638874,8633737
F1638876,9221099
F1638878,7232733
F1638881,8179452
F1638886,8705131
F1638888,9336198
F1638889,7462784
F1638891,9339494
F1638894,7875827
F1638895,6092743
F1638896,7529230
F1638897,7723574
F1638898,7074513
F1638901,7226678
F1638909,8056125
F1638912,7643378
F1638922,7738299
F1638929,9149784
F1638930,8644684
F1638933,8602113
F1638934,6907348
F1638966,7410503
F1638969,9027879
F1638972,5443676
F1638976,7656004
F1638979,10618688
F1639011,7432298
F1639016,8588864
F1639017,7414103
F1639018,9363061
F1639020,11704089
F1639026,9469639
F1639034,9822682
F1639037,8270654
F1639039,10104801
F1639916,7990311
F1639917,9113658
F1639918,7695868
F1639924,7936214
F1639926,7278086
F1639939,9555885
F1639940,8268340
F1639941,6980734
F1639945,9854073
F1639956,10531650
F1639957,8104038
F1639959,9966399
F1639960,7503351
F1639961,9305454
F1639971,7583233
F1639972,7321184
F1639979,7996716
F1639987,8919560
F1639988,8127834
F1639990,7880195
F1639993,7586024
F1639995,7328300
F1640000,8891836
F1640010,7274717
F1640016,7459905
F1640019,7691396
F1640022,6164559
F1640023,7809920
F1640026,7471365
F1640028,8761741
F1640033,10193664
F1640036,8923422
F1640037,7473019
F1640038,7754826
F1640040,7803118
F1640042,10577335
F1640044,7292025
F1640053,7550651
F1640054,6457477
F1640065,8059240
F1640068,6566859
F1640069,10394663
F1640080,7614284
F1640082,7301528
F1640083,8121178
F1640085,7090146
F1640088,9512021
F1640092,9806290
F1640097,7005354
F1640101,8210999
F1640103,8383562
F1640115,8728526
F1640118,7427149
F1640119,8680762
F1640120,9118778
F1640124,8135279
F1640125,8883277
F1640130,7817118
F1640136,7333976
F1640138,7322300
F1640141,7574443
F1640144,6513095
F1640145,7427974
F1640150,9406707
F1640152,7831987
F1640157,5127761
F1640164,8256198
F1640166,7800008
F1640168,10265063
F1640169,8669923
F1640175,8646460
F1640178,9911256
F1640182,6289112
F1640183,7058965
F1640189,6576680
F1640190,8241989
F1640192,8442852
F1640195,8797470
F1640196,9176532
F1640198,7104916
F1640202,10815981
F1640209,12165289
F1640212,8182793
F1640218,10173164
F1640227,9309766
F1640229,10920563
F1640235,7793216
F1640237,11248468
F1640239,10165587
F1640242,8298303
F1640245,9807103
F1640250,6752938
F1640254,9503700
F1640259,5767761
F1640261,6914417
F1640263,10203541
F1640264,8301032
F1640265,9774473
F1640269,7086546
F1640270,10908810
F1640272,9121589
F1640276,6594111
F1640278,8913674
F1640281,7167961
F1640282,8284791
F1640283,7582689
F1640298,6367549
F1640305,7990473
F1640308,9936093
F1640321,6833418
F1640322,8450497
F1640328,8385095
F1640329,6289785
F1640331,7909580
F1640334,8435935
F1640335,9478367
F1640338,9530555
F1640339,7977817
F1640346,10969034
F1640350,7427156
F1640353,8910162
F1640355,6529117
F1640357,8871477
F1640358,9344424
F1640360,9631144
F1640365,5708119
F1640369,8999480
F1640370,8412527
F1640371,6821951
F1640377,9989126
F1640379,7070129
F1640381,7711443
F1640384,9879543
F1640385,7290570
F1640396,7318766
F1640397,10728635
F1640401,7452239
F1640409,10191226
F1640410,8340475
F1640411,7993781
F1640416,11550978
F1640420,10793985
F1640421,7997506
F1640422,8534142
F1640425,8793575
F1640430,9554506
F1640439,9292053
F1640447,9952341
F1640448,9053050
F1640451,10622367
F1640452,8126964
F1640459,7309473
F1640460,8316971
F1640465,8686464
F1640466,8053671
F1640469,10626541
F1640471,7860851
F1640473,14110033
F1640475,7459058
F1640476,9138723
F1640477,14840202
F1640478,5738132
F1640481,8782756
F1640485,9285101
F1640486,8510901
F1640488,8620762
F1640489,8039420
F1640495,7493071
F1640498,7350917
F1640501,9020274
F1640502,12495264
F1640507,8392017
F1640508,10390781
F1640510,10166892
F1640511,7477160
F1640513,8119717
F1640514,7462453
F1640517,9761428
F1640518,9844784
F1640519,9995683
F1640521,10175988
F1640522,8395652
F1640524,11391907
F1640525,8695906
F1640528,8447715
F1640531,9217088
F1640533,9469144
F1640543,9202234
F1640544,8494366
F1640546,9319388
F1640550,12466264
F1640554,9111472
F1640555,9279786
F1640558,8575670
F1640559,9120990
F1640567,8479162
F1640574,9404909
F1640575,8521465
F1640581,9097950
F1640585,7883036
F1640586,7795868
F1640587,8942534
F1640589,8400268
F1640590,10006384
F1640592,8607132
F1640594,7447179
F1640596,9033196
F1640597,8939543
F1640603,11042553
F1640608,8614770
F1640609,12073666
F1640610,8524972
F1640611,8177107
F1640615,13058822
F1640618,8837435
F1640620,7986848
F1640622,10968458
F1640625,7558946
F1640626,9839075
F1640628,7794693
F1640629,6452819
F1640630,8195459
F1640631,7760796
F1640632,7432774
F1640633,11572608
F1640634,7026253
F1640637,8953604
F1640639,9015282
F1640644,7368246
F1640647,6997214
F1640648,7645878
F1640650,7947977
F1640652,8398141
F1640657,7959616
F1640658,9102603
F1640659,7694975
F1640660,9270391
F1640666,8409427
F1640667,8416075
F1640668,6720682
F1640669,7487569
F1640674,7257891
F1640678,7943025
F1640680,7901835
F1640681,8618152
F1640684,10003619
F1640685,7414706
F1640694,9944768
F1640697,8046974
F1640700,7932508
F1640704,8572613
F1640705,9280389
F1640708,7487870
F1640713,9712140
F1640715,6683535
F1640716,9858633
F1640718,8678366
F1640721,8974641
F1640723,7788397
F1640726,9262021
F1640732,10626778
F1640734,10852645
F1640738,6723068
F1640739,7995121
F1640743,8709670
F1640744,8525678
F1640745,7737771
F1640748,8843167
F1640753,10271653
F1640754,7610052
F1640758,11449657
F1640762,8782835
F1640764,4825775
F1640765,7892333
F1640766,10880662
F1640767,10003729
F1640771,8209754
F1640773,10145138
F1640786,7939766
F1640787,7930964
F1640788,6830436
F1640789,8078043
F1640794,8165300
F1640795,10717707
F1640797,8998255
F1640798,12500072
F1640801,9011610
F1640802,8359654
F1640803,7912554
F1640813,6420919
F1640816,7166070
F1640817,8507038
F1640820,8621532
F1640823,7570482
F1640826,8019185
F1640828,8199030
F1640830,9548570
F1640831,8897402
F1640832,8558171
F1640841,8146929
F1640842,7101775
F1640844,6182912
F1640846,6521667
F1640853,7597029
F1640855,7740448
F1640857,9361364
F1640859,7397414
F1640860,6727345
F1640862,7425952
F1640863,7898763
F1640865,7942025
F1640871,8760062
F1640875,11250800
F1640876,8120049
F1640883,11841322
F1640888,10460006
F1640892,7118885
F1640894,8346511
F1640895,6778882
F1640897,13276291
F1640898,7550443
F1640901,8709844
F1640903,8040971
F1640906,8273750
F1640911,7527109
F1641419,8567635
F1641422,9700698
F1641426,11789721
F1641432,10562761
F1641434,7649580
F1641438,13644078
F1641444,6963643
F1641445,9770599
F1641449,7672955
F1641450,8008744
F1641451,7291024
F1641452,9079201
F1641453,7118178
F1641454,8132199
F1641455,7807317
F1641461,8604888
F1641463,7695179
F1641465,8467199
F1641469,8286131
F1641472,7612427
F1641474,11001489
F1641480,8860668
F1641484,7540369
F1641486,10262773
F1641495,9278834
F1641497,10954890
F1641501,9141160
F1641503,7026169
F1641505,13030189
F1641506,9864534
F1641509,9053607
F1641511,7449375
F1641638,8642087
F1641640,10096621
F1641641,8178389
F1641642,9097472
F1641644,8997135
F1641647,8235654
F1641648,7640548
F1641650,9216176
F1641652,7567180
F1641655,9978193
F1641659,10308942
F1641661,8990502
F1641662,8341089
F1641663,8461148
F1641664,7869791
F1641665,9295626
F1641667,8526227
F1641671,9160612
F1641673,8409794
F1641675,7857972
F1641678,9702019
F1641680,9640553
F1641682,8825006
F1641684,7069866
F1641685,8319269
F1641691,7245671
F1641694,8286538
F1641695,7229718
F1641699,8593948
F1641701,9105577
F1641703,9166007
F1641718,9512205
F1641722,8396965
F1641726,7719189
F1641728,7274085
F1641734,8144571
F1641741,9074822
F1641744,7694600
F1641750,10281878
F1641753,10072491
F1641757,8256376
F1641761,10591384
F1641762,9669735
F1641764,8934529
F1641772,8239627
F1641780,10596388
F1641782,7410590
F1641783,7820382
F1641785,8062812
F1641790,7440131
F1641794,9167665
F1641795,8973686
F1641797,7586630
F1641799,8065149
F1641802,8229294
F1641804,8474243
F1641806,8083710
F1641807,7736972
F1641809,8390953
F1641813,9394572
F1641818,9888012
F1641821,9620711
F1641822,7754892
F1641823,8585012
F1641824,10950172
F1641832,9516733
F1641833,9518737
F1641836,7251158
F1641845,9495593
F1641847,6968442
F1641850,13204936
F1641851,6883381
F1641853,8013365
F1641855,7672782
F1641857,9232758
F1641860,6786475
F1641861,7663045
F1641867,7798066
F1641868,8150409
F1641870,10384018
F1641872,10461139
F1641881,7490373
F1641882,8942494
F1641883,8198265
F1641885,9645154
F1641887,7185337
F1641889,7045950
F1641892,11096376
F1641893,7251581
F1641901,7819471
F1641908,12192721
F1641913,7637809
F1641918,10148991
F1641919,8881397
F1641922,10217445
F1641923,8229869
F1641924,8670201
F1641927,11536249
F1641935,8038247
F1641936,7389542
F1641943,7942214
F1641948,8456939
F1641949,10257442
F1641950,7177278
F1641955,8499166
F1641956,9667099
F1641958,8550969
F1641960,7694841
F1641962,10736753
F1641970,8512461
F1641973,12435854
F1641977,9304101
F1641978,8075394
F1641983,9544714
F1641985,6224720
F1641986,9553776
F1641989,9202539
F1641991,9064206
F1641993,8143932
F1641996,8331781
F1641997,8646666
F1642003,9638843
F1642004,8746002
F1642006,8851007
F1642010,13198136
F1642015,7078220
F1642017,10837520
F1642019,8786431
F1642020,9370333
F1642021,8952997
F1642024,9950324
F1642029,10009042
F1642031,8862628
F1642032,7445294
F1642039,9162877
F1642041,8275363
F1642042,8086016
F1642045,7487874
F1642050,8258334
F1642051,10719603
F1642052,10390419
F1642053,7522201
F1642057,8290345
F1642058,8458763
F1642061,7122568
F1642062,7027155
F1642069,8524606
F1642070,8161361
F1642077,8422781
F1642081,7732631
F1642083,8044590
F1642084,9151251
F1642089,10093688
F1642091,7738897
F1642093,12235627
F1642106,9169089
F1642107,6877336
F1642109,7853575
F1642113,7841291
F1642117,9563100
F1642118,9318012
F1642125,9754977
F1642128,7383890
F1642130,8493526
F1642137,7830088
F1642139,8637118
F1642141,8281807
F1642146,7863020
F1642149,7019216
F1642150,7882517
F1642152,9193033
F1642153,7077890
F1642159,8609441
F1642160,9733536
F1642165,5614549
F1642167,8214323
F1642170,8593937
F1642174,10132627
F1642179,7816689
F1642183,8209389
F1642185,7284306
F1642186,14598788
F1642188,8982272
F1642189,9084560
F1642190,6769254
F1642194,8356490
F1642198,9453930
F1642200,9428061
F1642203,9060636
F1642205,6942083
F1642206,8345369
F1642207,8976367
F1642211,9956806
F1642213,7266570
F1642215,8353272
F1642221,10161287
F1642228,9165167
F1642229,7802628
F1642231,7535292
F1642238,7784975
F1642242,6904162
F1642244,12123639
F1642246,10758950
F1642251,9863874
F1642252,6699249
F1642266,8263212
F1642269,11614894
F1642272,7123724
F1642276,5858816
F1642277,9058738
F1642280,8923803
F1642281,6647660
F1642282,8106459
F1642283,7999582
F1642286,7532783
F1642290,7727722
F1642292,9505711
F1642296,9177375
F1642297,9347377
F1642301,6410336
F1642305,8440351
F1642310,7345212
F1642313,7543583
F1642315,10268547
F1642317,9995515
F1642319,9511998
F1642324,7908962
F1642327,7164990
F1642330,8249970
F1642332,10178095
F1642334,6636835
F1642341,6337877
F1642343,8419574
F1642359,7423223
F1642366,7000012
F1642375,10718921
F1642378,8156745
F1642380,9138971
F1642384,9008850
F1642397,6925706
F1642405,9832843
F1642406,9019189
F1642413,8463940
F1642416,8057530
F1642419,9097393
F1642428,9015491
F1642433,9601235
F1642434,10502559
F1642438,7911239
F1642439,8960003
F1642442,9072535
F1642447,8310267
F1642448,12456408
F1642450,7504947
F1642453,9102205
F1642454,9179615
F1642456,10586913
F1642458,7813024
F1642462,7424555
F1642464,9896193
F1642468,7866354
F1642471,8892813
F1642474,7810540
F1642480,9672888
F1642483,7754922
F1642491,7313661
F1642496,6691887
F1642498,9159591
F1642501,7091367
F1642512,9023351
F1642516,8789489
F1642522,9555285
F1642534,7970833
F1642536,7917612
F1642543,12972005
F1642547,7695402
F1642548,6884068
F1642549,7973118
F1642552,5786315
F1642555,8497108
F1642556,7789410
F1642558,16581367
F1642559,7554322
F1642561,8100501
F1642562,7952856
F1642564,7984961
F1642565,10705708
F1642568,11640753
F1642575,6202667
F1642581,6892647
F1642582,7292832
F1642584,6995531
F1642586,8133177
F1642588,10509608
F1642595,8252849
F1642596,13681325
F1642598,8708344
F1642602,8758917
F1642608,8204734
F1642612,8175402
F1642615,7973034
F1642616,8963412
F1642618,6925430
F1642622,9244840
F1642623,9210295
F1642627,10170772
F1642633,10876650
F1642635,9211771
F1642636,8053967
F1642638,9206146
F1642640,7763814
F1642642,8402711
F1642643,6732393
F1642645,6868480
F1642646,7152158
F1642653,8956181
F1642656,8066899
F1642660,9105901
F1642661,7480019
F1642672,8845290
F1642673,7320251
F1642676,7658469
F1642677,8720738
F1642684,8717550
F1642685,7391835
F1642686,8284202
F1642687,8412438
F1642688,8970852
F1642691,8159842
F1642692,9344388
F1642695,10401330
F1642700,9658390
F1642704,9639521
F1642706,8498786
F1642707,8714383
F1642714,8532616
F1642722,8432737
F1642723,7865048
F1642725,8981257
F1642726,9181334
F1642727,7821593
F1642731,9264038
F1642733,11360662
F1642744,8992848
F1642748,6179953
F1642756,8925280
F1642759,7799225
F1642764,10776179
F1642765,9210925
F1642766,8327444
F1642767,7476455
F1642769,9182260
F1642770,6945497
F1642771,7641408
F1642772,9059988
F1642774,9464830
F1642777,9362446
F1642778,9211017
F1642779,8750585
F1642780,7639966
F1642781,8006850
F1642783,8123553
F1642784,9746997
F1642786,11165043
F1642789,10557288
F1642791,10410387
F1642795,5635103
F1642796,8419122
F1642799,9307312
F1642802,7632270
F1642805,8431563
F1642806,7416797
F1642807,10208224
F1642808,9768719
F1642809,6968863
F1642810,7667001
F1642817,12732149
F1642818,9218344
F1642819,8509126
F1642822,8906539
F1642823,7282667
F1642828,8887576
F1642830,7886036
F1642831,7933210
F1642835,10075448
F1642837,9748433
F1642839,8473489
F1642843,7896928
F1642847,9681899
F1642848,8597098
F1642850,8138801
F1642856,8305186
F1642858,8199930
F1642861,7921536
F1642864,8329905
F1642867,10560180
F1642870,9915390
F1642873,10116860
F1642876,9898361
F1642878,7297559
F1642887,9739513
F1642893,7916979
F1642894,8058444
F1642896,8906657
F1642900,9861336
F1642904,7967854
F1642905,7848158
F1642906,12297374
F1642907,7425127
F1642910,11518098
F1642912,7945168
F1642913,8834307
F1642915,8819719
F1642916,10213543
F1642918,8517672
F1642928,9880770
F1642930,8074896
F1642934,8156130
F1642940,8117659
F1642941,8620246
F1642946,9107560
F1642949,8466899
F1642950,6309136
F1642951,8713782
F1642959,7926732
F1642961,6068104
F1642962,6447827
F1642966,9778568
F1642971,6725192
F1642978,11114852
F1642979,5225855
F1642984,9531381
F1642985,8059226
F1642988,7844955
F1642990,7128905
F1642991,6749837
F1642992,7530437
F1642995,8306079
F1642997,8067562
F1643003,7182902
F1643004,8692353
F1643010,9119294
F1643011,6786011
F1643020,10402530
F1643021,5809501
F1643024,8560188
F1643026,8505429
F1643028,8073201
F1643031,8654938
F1643034,13172951
F1643036,8126006
F1649317,8195402
F1649335,11285128
F1649348,9012769
F1649351,8962196
F1649352,9230408
F1649508,8275933
F1649820,6870984
F1649826,8866970
F1649829,10348866
F1652194,7754048
F1652201,8196733
F1652203,11210559
F1652205,8430024
F1652206,7276578
F1652207,8093911
F1652210,13856832
F1652211,7378516
F1652212,8641196
F1652215,9420659
F1652219,10505223
F1652220,7714118
F1652228,9579704
F1652230,8618347
F1652233,9050178
F1652234,7715573
F1652236,10068588
F1652241,7100399
F1652246,6977778
F1652247,6758547
F1652261,8888539
F1652266,9020220
F1652267,6332577
F1652268,6668536
F1652270,7500280
F1652272,6240990
F1652275,10623893
F1652280,6854194
F1652282,7333179
F1652284,8023964
F1652285,9340735
F1652287,6111592
F1652289,7302714
F1652290,7100106
F1652291,5926247
F1652297,7962852
F1652298,7581495
F1652300,7279326
F1652301,7802058
F1652302,8962067
F1652303,6495867
F1652307,7366958
F1652308,7396104
F1652310,9030845
F1652313,7278696
F1652317,8053784
F1652320,8726161
F1652321,11456859
F1652322,6876053
F1652326,8819162
F1652331,8184753
F1652333,5796840
F1652335,8874728
F1652337,8028294
F1652339,6783835
F1652341,8574780
F1652345,6959949
F1652346,10380187
F1652351,8515097
F1652353,7997310
F1652355,8774700
F1652359,9203576
F1652362,8220176
F1652363,7080611
F1652364,7903450
F1652372,7545488
F1652376,9750822
F1652377,9757070
F1652380,8175257
F1652381,7947971
F1652383,7780886
F1652384,8427542
F1652385,7929675
F1652387,6150040
F1652389,6785269
F1652390,11652061
F1652392,9974720
F1652395,8019723
F1652398,7464642
F1652400,8041648
F1652407,9066314
F1652410,8007604
F1652412,8919170
F1652414,10252004
F1652416,7430411
F1652417,7529876
F1652418,7882600
F1652419,8165891
F1652422,10420267
F1652425,7341502
F1652427,7581103
F1652434,7977968
F1652436,8345203
F1652438,7984730
F1652441,3099778
F1652443,7775836
F1652447,7827595
F1652448,8487148
F1652449,7495921
F1652452,10401893
F1652458,7983724
F1652459,9328799
F1652470,8011413
F1652472,7073779
F1652474,6666241
F1652475,7976517
F1652479,8878794
F1652481,8360384
F1652483,7592792
F1652486,7344868
F1652487,9169828
F1652490,10650515
F1652491,7710024
F1652494,6928560
F1652497,6917227
F1652500,8825101
F1652506,6154266
F1652509,8504084
F1652515,7979963
F1652517,7474776
F1652519,8224572
F1652520,7058755
F1652523,8096186
F1652526,8382597
F1652533,6055990
F1652538,10975983
F1652541,7656537
F1652545,6511583
F1652546,10100528
F1652551,7912653
F1652552,13500514
F1652554,6863240
F1652556,6414617
F1652557,8628782
F1652558,9421738
F1652559,9494890
F1652560,6775544
F1652561,8353021
F1652562,6756103
F1652563,8889744
F1652568,6850312
F1652569,7339614
F1652572,11937604
F1652573,8958976
F1652575,9518513
F1652579,7434517
F1652581,7263960
F1652582,5760378
F1652583,7875980
F1652585,8369761
F1652590,5708945
F1652591,9153604
F1652592,7783105
F1652594,2926371
F1652596,8927400
F1652599,9289207
F1652600,7325961
F1652603,7893332
F1652604,7041393
F1652605,5835409
F1652607,7836604
F1652608,8985133
F1652609,7512669
F1652610,7967121
F1652614,9728855
F1652615,7856577
F1652617,10739470
F1652618,6420673
F1652624,6605663
F1652628,7881850
F1652633,6085026
F1652634,8731658
F1652635,7893019
F1652637,8207827
F1652638,10921956
F1652640,11158938
F1652645,6032514
F1652651,5771080
F1652652,9761796
F1652657,8901581
F1652660,7494580
F1652663,8798086
F1652668,9026203
F1652669,9586996
F1652671,8824998
F1652672,5921318
F1652674,7422333
F1652675,8160890
F1652676,7590887
F1652680,8900165
F1652682,7665316
F1652686,6242565
F1652689,6453821
F1652690,7663648
F1652693,6521851
F1652694,9404815
F1652695,7453303
F1652696,8675602
F1652697,6592025
F1652698,7542354
F1652699,7793086
F1652703,8513366
F1652707,7166382
F1652708,7965175
F1652709,7582822
F1652713,10324778
F1652714,7335004
F1652716,8106529
F1652717,7890434
F1652719,6776970
F1652723,8052292
F1652726,7110626
F1652729,7382411
F1652730,7195795
F1652732,7165910
F1652733,6046370
F1652736,6736310
F1652737,7582893
F1652740,7127814
F1652742,6443249
F1652745,8370265
F1652746,8384492
F1652748,8546389
F1652749,7828882
F1652751,10780873
F1652755,7132998
F1652756,8344744
F1652759,7731905
F1652762,7344926
F1652768,12660682
F1652770,8246450
F1652772,7166674
F1652773,6867126
F1652778,7010444
F1652779,7572463
F1652781,8345480
F1652782,7338260
F1652792,8359664
F1652793,6811859
F1652798,7545709
F1652801,7131698
F1652802,8425673
F1652807,8158231
F1652808,8001490
F1652809,8074764
F1652810,7170947
F1652811,7356633
F1652812,8097995
F1652813,7400352
F1652816,8029576
F1652819,8425416
F1652820,10408341
F1652828,7652007
F1652829,6532991
F1652832,6759955
F1652834,8167738
F1652835,8236206
F1652837,7121270
F1652841,7851945
F1652844,6759059
F1652846,10009111
F1652848,8716975
F1652849,7783849
F1652850,9484847
F1652852,7615362
F1652855,7361614
F1652862,6711680
F1652864,10435216
F1652865,7896119
F1652872,7639035
F1652875,7515327
F1652877,8047016
F1652882,9442170
F1652884,7128267
F1652885,7150721
F1652886,8742538
F1652889,6902372
F1652890,7467072
F1652891,10907620
F1652892,7978181
F1652893,8982374
F1652895,9544303
F1652896,7951768
F1652897,7670904
F1652898,6278017
F1652899,9544054
F1652900,6973902
F1652901,6705774
F1652904,8847018
F1652913,7516265
F1652914,8791882
F1652916,8113007
F1652918,8070974
F1652921,7756573
F1652924,7939446
F1652925,8189825
F1652933,8758328
F1652934,4013245
F1652936,9888469
F1652940,7674946
F1652941,8566985
F1652945,7062557
F1652948,6499414
F1652950,10181785
F1652952,7966424
F1652953,7468626
F1652954,7105086
F1652955,7506969
F1652960,7241585
F1652961,7024045
F1652965,7839082
F1652966,6789519
F1652967,8006647
F1652969,8212652
F1652972,8112052
F1652974,6484506
F1652980,9423695
F1652981,6732911
F1652982,8555938
F1652983,8471896
F1652985,12709133
F1652988,8148760
F1652989,10421349
F1652990,7913145
F1652992,3969200
F1652993,9844269
F1652994,7584431
F1652995,10298565
F1652996,7145526
F1652997,7950745
F1653001,6812109
F1653003,8679407
F1653006,6988243
F1653011,8779453
F1653012,8763676
F1653014,9388120
F1653018,8620799
F1653019,7549392
F1653020,9161658
F1653021,7718836
F1653023,7947362
F1653025,5848942
F1653027,7592238
F1653038,8472035
F1653039,7779564
F1653043,7809852
F1653047,8330058
F1653049,10505415
F1653050,7946850
F1653056,7520856
F1653057,7176874
F1653060,6580189
F1653061,7109084
F1653067,7999639
F1653069,7640698
F1653071,7310987
F1653072,7455702
F1653074,7101809
F1653076,8386592
F1653083,7594447
F1653084,10684529
F1653090,6785041
F1653092,6973661
F1653093,6799929
F1653094,7654214
F1653097,7142570
F1653099,7774102
F1653103,6341488
F1653104,6808557
F1653106,9715230
F1653109,6921917
F1653111,11994973
F1653112,7299217
F1653114,8466310
F1653115,8263630
F1653117,9325096
F1653118,7629818
F1653120,8085017
F1653123,7189349
F1653125,10769371
F1653128,8473719
F1653129,5926023
F1653131,8557789
F1653135,8963619
F1653137,7751001
F1653139,7218244
F1653141,7701574
F1653143,7309605
F1653147,8542463
F1653148,8074129
F1653151,8658997
F1653155,7713268
F1653156,9244459
F1653159,4789135
F1653161,7443806
F1653162,9708807
F1653164,8188804
F1653166,10231606
F1653167,9106958
F1653170,7030170
F1653175,5869644
F1653177,10200324
F1653178,9398533
F1653180,6691651
F1653182,6430904
F1653191,8237153
F1653192,16502002
F1887434,11365809
F1887435,11977177
